<?xml version="1.0" encoding="UTF-8" standalone="yes" ?><hh:head xmlns:ha="http://www.hancom.co.kr/hwpml/2011/app" xmlns:hp="http://www.hancom.co.kr/hwpml/2011/paragraph" xmlns:hs="http://www.hancom.co.kr/hwpml/2011/section" xmlns:hc="http://www.hancom.co.kr/hwpml/2011/core" xmlns:hh="http://www.hancom.co.kr/hwpml/2011/head" xmlns:hhs="http://www.hancom.co.kr/hwpml/2011/history" xmlns:hm="http://www.hancom.co.kr/hwpml/2011/master-page" xmlns:hpf="http://www.hancom.co.kr/schema/2011/hpf" xmlns:dc="http://purl.org/dc/elements/1.1/" xmlns:opf="http://www.idpf.org/2007/opf/" version="1.1" secCnt="1"><hh:beginNum page="1" footnote="1" endnote="1" pic="1" tbl="1" equation="1"/><hh:refList><hh:fontfaces itemCnt="7"><hh:fontface lang="HANGUL" fontCnt="8"><hh:font id="0" face="문체부 돋음체" type="TTF" isEmbedded="0"><hh:typeInfo familyType="FCAT_GOTHIC" weight="6" proportion="9" contrast="0" strokeVariation="1" armStyle="1" letterform="1" midline="1" xHeight="1"/></hh:font><hh:font id="1" face="바탕" type="TTF" isEmbedded="0"><hh:typeInfo familyType="FCAT_GOTHIC" weight="6" proportion="0" contrast="0" strokeVariation="1" armStyle="1" letterform="1" midline="1" xHeight="1"/></hh:font><hh:font id="2" face="함초롬바탕" type="TTF" isEmbedded="0"><hh:typeInfo familyType="FCAT_GOTHIC" weight="6" proportion="4" contrast="0" strokeVariation="1" armStyle="1" letterform="1" midline="1" xHeight="1"/></hh:font><hh:font id="3" face="휴먼명조" type="TTF" isEmbedded="0"><hh:typeInfo familyType="FCAT_GOTHIC" weight="5" proportion="4" contrast="0" strokeVariation="1" armStyle="1" letterform="1" midline="1" xHeight="1"/></hh:font><hh:font id="4" face="HC중명조" type="TTF" isEmbedded="0"><hh:typeInfo familyType="FCAT_GOTHIC" weight="6" proportion="0" contrast="0" strokeVariation="1" armStyle="1" letterform="1" midline="1" xHeight="1"/></hh:font><hh:font id="5" face="신명 중명조" type="HFT" isEmbedded="0"><hh:typeInfo familyType="FCAT_MYUNGJO" weight="0" proportion="0" contrast="0" strokeVariation="0" armStyle="0" letterform="0" midline="0" xHeight="0"/></hh:font><hh:font id="6" face="Droid Sans Fallback" type="TTF" isEmbedded="0"><hh:substFont face="한컴바탕" type="TTF" isEmbedded="0"/><hh:typeInfo familyType="FCAT_GOTHIC" weight="5" proportion="2" contrast="0" strokeVariation="0" armStyle="0" letterform="0" midline="0" xHeight="1"/></hh:font><hh:font id="7" face="나눔명조" type="TTF" isEmbedded="0"><hh:substFont face="한컴바탕" type="TTF" isEmbedded="0"/><hh:typeInfo familyType="FCAT_GOTHIC" weight="6" proportion="3" contrast="2" strokeVariation="1" armStyle="1" letterform="2" midline="1" xHeight="1"/></hh:font></hh:fontface><hh:fontface lang="LATIN" fontCnt="8"><hh:font id="0" face="문체부 돋음체" type="TTF" isEmbedded="0"><hh:typeInfo familyType="FCAT_GOTHIC" weight="6" proportion="9" contrast="0" strokeVariation="1" armStyle="1" letterform="1" midline="1" xHeight="1"/></hh:font><hh:font id="1" face="바탕" type="TTF" isEmbedded="0"><hh:typeInfo familyType="FCAT_GOTHIC" weight="6" proportion="0" contrast="0" strokeVariation="1" armStyle="1" letterform="1" midline="1" xHeight="1"/></hh:font><hh:font id="2" face="함초롬바탕" type="TTF" isEmbedded="0"><hh:typeInfo familyType="FCAT_GOTHIC" weight="6" proportion="4" contrast="0" strokeVariation="1" armStyle="1" letterform="1" midline="1" xHeight="1"/></hh:font><hh:font id="3" face="휴먼명조" type="TTF" isEmbedded="0"><hh:typeInfo familyType="FCAT_GOTHIC" weight="5" proportion="4" contrast="0" strokeVariation="1" armStyle="1" letterform="1" midline="1" xHeight="1"/></hh:font><hh:font id="4" face="Elephant" type="TTF" isEmbedded="0"><hh:typeInfo familyType="FCAT_GOTHIC" weight="9" proportion="4" contrast="9" strokeVariation="5" armStyle="5" letterform="2" midline="3" xHeight="3"/></hh:font><hh:font id="5" face="HC중명조" type="TTF" isEmbedded="0"><hh:typeInfo familyType="FCAT_GOTHIC" weight="6" proportion="0" contrast="0" strokeVariation="1" armStyle="1" letterform="1" midline="1" xHeight="1"/></hh:font><hh:font id="6" face="신명 중명조" type="HFT" isEmbedded="0"><hh:typeInfo familyType="FCAT_MYUNGJO" weight="0" proportion="0" contrast="0" strokeVariation="0" armStyle="0" letterform="0" midline="0" xHeight="0"/></hh:font><hh:font id="7" face="나눔명조" type="TTF" isEmbedded="0"><hh:substFont face="한컴바탕" type="TTF" isEmbedded="0"/><hh:typeInfo familyType="FCAT_GOTHIC" weight="6" proportion="3" contrast="2" strokeVariation="1" armStyle="1" letterform="2" midline="1" xHeight="1"/></hh:font></hh:fontface><hh:fontface lang="HANJA" fontCnt="8"><hh:font id="0" face="문체부 돋음체" type="TTF" isEmbedded="0"><hh:typeInfo familyType="FCAT_GOTHIC" weight="6" proportion="9" contrast="0" strokeVariation="1" armStyle="1" letterform="1" midline="1" xHeight="1"/></hh:font><hh:font id="1" face="바탕" type="TTF" isEmbedded="0"><hh:typeInfo familyType="FCAT_GOTHIC" weight="6" proportion="0" contrast="0" strokeVariation="1" armStyle="1" letterform="1" midline="1" xHeight="1"/></hh:font><hh:font id="2" face="함초롬바탕" type="TTF" isEmbedded="0"><hh:typeInfo familyType="FCAT_GOTHIC" weight="6" proportion="4" contrast="0" strokeVariation="1" armStyle="1" letterform="1" midline="1" xHeight="1"/></hh:font><hh:font id="3" face="휴먼명조" type="TTF" isEmbedded="0"><hh:typeInfo familyType="FCAT_GOTHIC" weight="5" proportion="4" contrast="0" strokeVariation="1" armStyle="1" letterform="1" midline="1" xHeight="1"/></hh:font><hh:font id="4" face="HC중명조" type="TTF" isEmbedded="0"><hh:typeInfo familyType="FCAT_GOTHIC" weight="6" proportion="0" contrast="0" strokeVariation="1" armStyle="1" letterform="1" midline="1" xHeight="1"/></hh:font><hh:font id="5" face="신명 중명조" type="HFT" isEmbedded="0"><hh:typeInfo familyType="FCAT_MYUNGJO" weight="0" proportion="0" contrast="0" strokeVariation="0" armStyle="0" letterform="0" midline="0" xHeight="0"/></hh:font><hh:font id="6" face="Droid Sans Fallback" type="TTF" isEmbedded="0"><hh:substFont face="함초롬바탕" type="TTF" isEmbedded="0"/><hh:typeInfo familyType="FCAT_GOTHIC" weight="5" proportion="2" contrast="0" strokeVariation="0" armStyle="0" letterform="0" midline="0" xHeight="1"/></hh:font><hh:font id="7" face="나눔명조" type="TTF" isEmbedded="0"><hh:substFont face="함초롬바탕" type="TTF" isEmbedded="0"/><hh:typeInfo familyType="FCAT_GOTHIC" weight="6" proportion="3" contrast="2" strokeVariation="1" armStyle="1" letterform="2" midline="1" xHeight="1"/></hh:font></hh:fontface><hh:fontface lang="JAPANESE" fontCnt="8"><hh:font id="0" face="문체부 돋음체" type="TTF" isEmbedded="0"><hh:typeInfo familyType="FCAT_GOTHIC" weight="6" proportion="9" contrast="0" strokeVariation="1" armStyle="1" letterform="1" midline="1" xHeight="1"/></hh:font><hh:font id="1" face="바탕" type="TTF" isEmbedded="0"><hh:typeInfo familyType="FCAT_GOTHIC" weight="6" proportion="0" contrast="0" strokeVariation="1" armStyle="1" letterform="1" midline="1" xHeight="1"/></hh:font><hh:font id="2" face="함초롬바탕" type="TTF" isEmbedded="0"><hh:typeInfo familyType="FCAT_GOTHIC" weight="6" proportion="4" contrast="0" strokeVariation="1" armStyle="1" letterform="1" midline="1" xHeight="1"/></hh:font><hh:font id="3" face="휴먼명조" type="TTF" isEmbedded="0"><hh:typeInfo familyType="FCAT_GOTHIC" weight="5" proportion="4" contrast="0" strokeVariation="1" armStyle="1" letterform="1" midline="1" xHeight="1"/></hh:font><hh:font id="4" face="HC중명조" type="TTF" isEmbedded="0"><hh:typeInfo familyType="FCAT_GOTHIC" weight="6" proportion="0" contrast="0" strokeVariation="1" armStyle="1" letterform="1" midline="1" xHeight="1"/></hh:font><hh:font id="5" face="신명 신명조" type="HFT" isEmbedded="0"><hh:typeInfo familyType="FCAT_MYUNGJO" weight="0" proportion="0" contrast="0" strokeVariation="0" armStyle="0" letterform="0" midline="0" xHeight="0"/></hh:font><hh:font id="6" face="Droid Sans Fallback" type="TTF" isEmbedded="0"><hh:substFont face="한컴바탕" type="TTF" isEmbedded="0"/><hh:typeInfo familyType="FCAT_GOTHIC" weight="5" proportion="2" contrast="0" strokeVariation="0" armStyle="0" letterform="0" midline="0" xHeight="1"/></hh:font><hh:font id="7" face="나눔명조" type="TTF" isEmbedded="0"><hh:substFont face="한컴바탕" type="TTF" isEmbedded="0"/><hh:typeInfo familyType="FCAT_GOTHIC" weight="6" proportion="3" contrast="2" strokeVariation="1" armStyle="1" letterform="2" midline="1" xHeight="1"/></hh:font></hh:fontface><hh:fontface lang="OTHER" fontCnt="8"><hh:font id="0" face="문체부 돋음체" type="TTF" isEmbedded="0"><hh:typeInfo familyType="FCAT_GOTHIC" weight="6" proportion="9" contrast="0" strokeVariation="1" armStyle="1" letterform="1" midline="1" xHeight="1"/></hh:font><hh:font id="1" face="바탕" type="TTF" isEmbedded="0"><hh:typeInfo familyType="FCAT_GOTHIC" weight="6" proportion="0" contrast="0" strokeVariation="1" armStyle="1" letterform="1" midline="1" xHeight="1"/></hh:font><hh:font id="2" face="함초롬바탕" type="TTF" isEmbedded="0"><hh:typeInfo familyType="FCAT_GOTHIC" weight="6" proportion="4" contrast="0" strokeVariation="1" armStyle="1" letterform="1" midline="1" xHeight="1"/></hh:font><hh:font id="3" face="휴먼명조" type="TTF" isEmbedded="0"><hh:typeInfo familyType="FCAT_GOTHIC" weight="5" proportion="4" contrast="0" strokeVariation="1" armStyle="1" letterform="1" midline="1" xHeight="1"/></hh:font><hh:font id="4" face="HC중명조" type="TTF" isEmbedded="0"><hh:typeInfo familyType="FCAT_GOTHIC" weight="6" proportion="0" contrast="0" strokeVariation="1" armStyle="1" letterform="1" midline="1" xHeight="1"/></hh:font><hh:font id="5" face="한양신명조" type="HFT" isEmbedded="0"><hh:typeInfo familyType="FCAT_MYUNGJO" weight="0" proportion="0" contrast="0" strokeVariation="0" armStyle="0" letterform="0" midline="0" xHeight="0"/></hh:font><hh:font id="6" face="Droid Sans Fallback" type="TTF" isEmbedded="0"><hh:substFont face="한컴바탕" type="TTF" isEmbedded="0"/><hh:typeInfo familyType="FCAT_GOTHIC" weight="5" proportion="2" contrast="0" strokeVariation="0" armStyle="0" letterform="0" midline="0" xHeight="1"/></hh:font><hh:font id="7" face="나눔명조" type="TTF" isEmbedded="0"><hh:substFont face="한컴바탕" type="TTF" isEmbedded="0"/><hh:typeInfo familyType="FCAT_GOTHIC" weight="6" proportion="4" contrast="2" strokeVariation="2" armStyle="2" letterform="2" midline="2" xHeight="4"/></hh:font></hh:fontface><hh:fontface lang="SYMBOL" fontCnt="8"><hh:font id="0" face="문체부 돋음체" type="TTF" isEmbedded="0"><hh:typeInfo familyType="FCAT_GOTHIC" weight="6" proportion="9" contrast="0" strokeVariation="1" armStyle="1" letterform="1" midline="1" xHeight="1"/></hh:font><hh:font id="1" face="바탕" type="TTF" isEmbedded="0"><hh:typeInfo familyType="FCAT_GOTHIC" weight="6" proportion="0" contrast="0" strokeVariation="1" armStyle="1" letterform="1" midline="1" xHeight="1"/></hh:font><hh:font id="2" face="함초롬바탕" type="TTF" isEmbedded="0"><hh:typeInfo familyType="FCAT_GOTHIC" weight="6" proportion="4" contrast="0" strokeVariation="1" armStyle="1" letterform="1" midline="1" xHeight="1"/></hh:font><hh:font id="3" face="휴먼명조" type="TTF" isEmbedded="0"><hh:typeInfo familyType="FCAT_GOTHIC" weight="5" proportion="4" contrast="0" strokeVariation="1" armStyle="1" letterform="1" midline="1" xHeight="1"/></hh:font><hh:font id="4" face="HC중명조" type="TTF" isEmbedded="0"><hh:typeInfo familyType="FCAT_GOTHIC" weight="6" proportion="0" contrast="0" strokeVariation="1" armStyle="1" letterform="1" midline="1" xHeight="1"/></hh:font><hh:font id="5" face="한양신명조" type="HFT" isEmbedded="0"><hh:typeInfo familyType="FCAT_MYUNGJO" weight="0" proportion="0" contrast="0" strokeVariation="0" armStyle="0" letterform="0" midline="0" xHeight="0"/></hh:font><hh:font id="6" face="Droid Sans Fallback" type="TTF" isEmbedded="0"><hh:substFont face="한컴바탕" type="TTF" isEmbedded="0"/><hh:typeInfo familyType="FCAT_GOTHIC" weight="5" proportion="2" contrast="0" strokeVariation="0" armStyle="0" letterform="0" midline="0" xHeight="1"/></hh:font><hh:font id="7" face="나눔명조" type="TTF" isEmbedded="0"><hh:substFont face="한컴바탕" type="TTF" isEmbedded="0"/><hh:typeInfo familyType="FCAT_GOTHIC" weight="6" proportion="3" contrast="2" strokeVariation="1" armStyle="1" letterform="2" midline="1" xHeight="1"/></hh:font></hh:fontface><hh:fontface lang="USER" fontCnt="8"><hh:font id="0" face="문체부 돋음체" type="TTF" isEmbedded="0"><hh:typeInfo familyType="FCAT_GOTHIC" weight="6" proportion="9" contrast="0" strokeVariation="1" armStyle="1" letterform="1" midline="1" xHeight="1"/></hh:font><hh:font id="1" face="바탕" type="TTF" isEmbedded="0"><hh:typeInfo familyType="FCAT_GOTHIC" weight="6" proportion="0" contrast="0" strokeVariation="1" armStyle="1" letterform="1" midline="1" xHeight="1"/></hh:font><hh:font id="2" face="함초롬바탕" type="TTF" isEmbedded="0"><hh:typeInfo familyType="FCAT_GOTHIC" weight="6" proportion="4" contrast="0" strokeVariation="1" armStyle="1" letterform="1" midline="1" xHeight="1"/></hh:font><hh:font id="3" face="휴먼명조" type="TTF" isEmbedded="0"><hh:typeInfo familyType="FCAT_GOTHIC" weight="5" proportion="4" contrast="0" strokeVariation="1" armStyle="1" letterform="1" midline="1" xHeight="1"/></hh:font><hh:font id="4" face="HC중명조" type="TTF" isEmbedded="0"><hh:typeInfo familyType="FCAT_GOTHIC" weight="6" proportion="0" contrast="0" strokeVariation="1" armStyle="1" letterform="1" midline="1" xHeight="1"/></hh:font><hh:font id="5" face="명조" type="HFT" isEmbedded="0"><hh:typeInfo familyType="FCAT_MYUNGJO" weight="0" proportion="0" contrast="0" strokeVariation="0" armStyle="0" letterform="0" midline="0" xHeight="0"/></hh:font><hh:font id="6" face="Droid Sans Fallback" type="TTF" isEmbedded="0"><hh:substFont face="한컴바탕" type="TTF" isEmbedded="0"/><hh:typeInfo familyType="FCAT_GOTHIC" weight="5" proportion="2" contrast="0" strokeVariation="0" armStyle="0" letterform="0" midline="0" xHeight="1"/></hh:font><hh:font id="7" face="나눔명조" type="TTF" isEmbedded="0"><hh:substFont face="한컴바탕" type="TTF" isEmbedded="0"/><hh:typeInfo familyType="FCAT_GOTHIC" weight="6" proportion="3" contrast="2" strokeVariation="1" armStyle="1" letterform="2" midline="1" xHeight="1"/></hh:font></hh:fontface></hh:fontfaces><hh:borderFills itemCnt="10"><hh:borderFill id="1" threeD="0" shadow="0" centerLine="NONE" breakCellSeparateLine="0"><hh:slash isCrooked="0" isCounter="0"/><hh:backSlash isCrooked="0" isCounter="0"/><hh:leftBorder type="NONE" width="0.1 mm" color="#000000"/><hh:rightBorder type="NONE" width="0.1 mm" color="#000000"/><hh:topBorder type="NONE" width="0.1 mm" color="#000000"/><hh:bottomBorder type="NONE" width="0.1 mm" color="#000000"/><hh:diagonal type="SOLID" width="0.1 mm" color="#000000"/></hh:borderFill><hh:borderFill id="2" threeD="0" shadow="0" centerLine="NONE" breakCellSeparateLine="0"><hh:slash isCrooked="0" isCounter="0"/><hh:backSlash isCrooked="0" isCounter="0"/><hh:leftBorder type="NONE" width="0.1 mm" color="#000000"/><hh:rightBorder type="NONE" width="0.1 mm" color="#000000"/><hh:topBorder type="NONE" width="0.1 mm" color="#000000"/><hh:bottomBorder type="NONE" width="0.1 mm" color="#000000"/><hh:diagonal type="SOLID" width="0.1 mm" color="#000000"/><hc:fillBrush><hc:winBrush faceColor="#FFFFFFFF" hatchColor="#FF000000" alpha="0"/></hc:fillBrush></hh:borderFill><hh:borderFill id="3" threeD="0" shadow="0" centerLine="NONE" breakCellSeparateLine="0"><hh:slash isCrooked="0" isCounter="0"/><hh:backSlash isCrooked="0" isCounter="0"/><hh:leftBorder type="NONE" width="0.1 mm" color="#000000"/><hh:rightBorder type="NONE" width="0.1 mm" color="#000000"/><hh:topBorder type="NONE" width="0.1 mm" color="#000000"/><hh:bottomBorder type="NONE" width="0.1 mm" color="#000000"/><hh:diagonal type="SOLID" width="0.1 mm" color="#000000"/><hc:fillBrush><hc:winBrush faceColor="#FFFFFFFF" hatchColor="#000000" alpha="0"/></hc:fillBrush></hh:borderFill><hh:borderFill id="4" threeD="0" shadow="0" centerLine="NONE" breakCellSeparateLine="0"><hh:slash isCrooked="0" isCounter="0"/><hh:backSlash isCrooked="0" isCounter="0"/><hh:leftBorder type="SOLID" width="0.12 mm" color="#000000"/><hh:rightBorder type="SOLID" width="0.12 mm" color="#000000"/><hh:topBorder type="SOLID" width="0.12 mm" color="#000000"/><hh:bottomBorder type="SOLID" width="0.12 mm" color="#000000"/><hh:diagonal type="SOLID" width="0.1 mm" color="#000000"/></hh:borderFill><hh:borderFill id="5" threeD="0" shadow="0" centerLine="NONE" breakCellSeparateLine="0"><hh:slash isCrooked="0" isCounter="0"/><hh:backSlash isCrooked="0" isCounter="0"/><hh:leftBorder type="DASH" width="0.12 mm" color="#282828"/><hh:rightBorder type="DASH" width="0.12 mm" color="#282828"/><hh:topBorder type="SOLID" width="0.12 mm" color="#282828"/><hh:bottomBorder type="SOLID" width="0.12 mm" color="#282828"/><hh:diagonal type="SOLID" width="0.1 mm" color="#000000"/></hh:borderFill><hh:borderFill id="6" threeD="0" shadow="0" centerLine="NONE" breakCellSeparateLine="0"><hh:slash isCrooked="0" isCounter="0"/><hh:backSlash isCrooked="0" isCounter="0"/><hh:leftBorder type="DASH" width="0.12 mm" color="#282828"/><hh:rightBorder type="NONE" width="0.12 mm" color="#282828"/><hh:topBorder type="SOLID" width="0.12 mm" color="#282828"/><hh:bottomBorder type="NONE" width="0.12 mm" color="#282828"/><hh:diagonal type="SOLID" width="0.1 mm" color="#000000"/></hh:borderFill><hh:borderFill id="7" threeD="0" shadow="0" centerLine="NONE" breakCellSeparateLine="0"><hh:slash isCrooked="0" isCounter="0"/><hh:backSlash isCrooked="0" isCounter="0"/><hh:leftBorder type="NONE" width="0.12 mm" color="#282828"/><hh:rightBorder type="DASH" width="0.12 mm" color="#282828"/><hh:topBorder type="SOLID" width="0.12 mm" color="#282828"/><hh:bottomBorder type="NONE" width="0.12 mm" color="#282828"/><hh:diagonal type="SOLID" width="0.1 mm" color="#000000"/></hh:borderFill><hh:borderFill id="8" threeD="0" shadow="0" centerLine="NONE" breakCellSeparateLine="0"><hh:slash isCrooked="0" isCounter="0"/><hh:backSlash isCrooked="0" isCounter="0"/><hh:leftBorder type="DASH" width="0.12 mm" color="#282828"/><hh:rightBorder type="DASH" width="0.12 mm" color="#282828"/><hh:topBorder type="NONE" width="0.12 mm" color="#282828"/><hh:bottomBorder type="SOLID" width="0.12 mm" color="#282828"/><hh:diagonal type="SOLID" width="0.1 mm" color="#000000"/></hh:borderFill><hh:borderFill id="9" threeD="0" shadow="0" centerLine="NONE" breakCellSeparateLine="0"><hh:slash isCrooked="0" isCounter="0"/><hh:backSlash isCrooked="0" isCounter="0"/><hh:leftBorder type="NONE" width="0.12 mm" color="#282828"/><hh:rightBorder type="NONE" width="0.12 mm" color="#282828"/><hh:topBorder type="NONE" width="0.12 mm" color="#282828"/><hh:bottomBorder type="SOLID" width="0.12 mm" color="#282828"/><hh:diagonal type="SOLID" width="0.1 mm" color="#000000"/></hh:borderFill><hh:borderFill id="10" threeD="0" shadow="0" centerLine="NONE" breakCellSeparateLine="0"><hh:slash isCrooked="0" isCounter="0"/><hh:backSlash isCrooked="0" isCounter="0"/><hh:leftBorder type="NONE" width="0.12 mm" color="#282828"/><hh:rightBorder type="NONE" width="0.12 mm" color="#282828"/><hh:topBorder type="NONE" width="0.12 mm" color="#282828"/><hh:bottomBorder type="NONE" width="0.12 mm" color="#282828"/><hh:diagonal type="SOLID" width="0.1 mm" color="#282828"/></hh:borderFill></hh:borderFills><hh:charProperties itemCnt="17"><hh:charPr id="0" height="1000" textColor="#000000" shadeColor="#FFFFFFFF" useFontSpace="0" useKerning="0" symMark="NONE" borderFillIDRef="3"><hh:fontRef hangul="1" latin="1" hanja="1" japanese="1" other="1" symbol="1" user="1"/><hh:ratio hangul="100" latin="100" hanja="100" japanese="100" other="100" symbol="100" user="100"/><hh:spacing hangul="0" latin="0" hanja="0" japanese="0" other="0" symbol="0" user="0"/><hh:relSz hangul="100" latin="100" hanja="100" japanese="100" other="100" symbol="100" user="100"/><hh:offset hangul="0" latin="0" hanja="0" japanese="0" other="0" symbol="0" user="0"/></hh:charPr><hh:charPr id="1" height="1500" textColor="#5D5D5D" shadeColor="#FFFFFFFF" useFontSpace="0" useKerning="0" symMark="NONE" borderFillIDRef="1"><hh:fontRef hangul="6" latin="4" hanja="6" japanese="6" other="6" symbol="6" user="6"/><hh:ratio hangul="100" latin="100" hanja="100" japanese="100" other="100" symbol="100" user="100"/><hh:spacing hangul="-5" latin="-5" hanja="-5" japanese="-5" other="-5" symbol="-5" user="-5"/><hh:relSz hangul="100" latin="100" hanja="100" japanese="100" other="100" symbol="100" user="100"/><hh:offset hangul="15" latin="15" hanja="15" japanese="15" other="15" symbol="15" user="15"/></hh:charPr><hh:charPr id="2" height="1150" textColor="#000000" shadeColor="#FFFFFFFF" useFontSpace="0" useKerning="0" symMark="NONE" borderFillIDRef="2"><hh:fontRef hangul="5" latin="6" hanja="5" japanese="5" other="5" symbol="5" user="5"/><hh:ratio hangul="95" latin="95" hanja="95" japanese="95" other="95" symbol="95" user="95"/><hh:spacing hangul="-5" latin="-5" hanja="-5" japanese="-5" other="-5" symbol="-5" user="-5"/><hh:relSz hangul="100" latin="100" hanja="100" japanese="100" other="100" symbol="100" user="100"/><hh:offset hangul="0" latin="0" hanja="0" japanese="0" other="0" symbol="0" user="0"/></hh:charPr><hh:charPr id="3" height="100" textColor="#FFFFFF" shadeColor="#FFFFFFFF" useFontSpace="0" useKerning="0" symMark="NONE" borderFillIDRef="2"><hh:fontRef hangul="5" latin="6" hanja="5" japanese="5" other="5" symbol="5" user="5"/><hh:ratio hangul="95" latin="95" hanja="95" japanese="95" other="95" symbol="95" user="95"/><hh:spacing hangul="-5" latin="-5" hanja="-5" japanese="-5" other="-5" symbol="-5" user="-5"/><hh:relSz hangul="100" latin="100" hanja="100" japanese="100" other="100" symbol="100" user="100"/><hh:offset hangul="0" latin="0" hanja="0" japanese="0" other="0" symbol="0" user="0"/></hh:charPr><hh:charPr id="4" height="1000" textColor="#000000" shadeColor="#FFFFFFFF" useFontSpace="0" useKerning="0" symMark="NONE" borderFillIDRef="3"><hh:fontRef hangul="4" latin="5" hanja="4" japanese="4" other="4" symbol="4" user="4"/><hh:ratio hangul="95" latin="95" hanja="95" japanese="95" other="95" symbol="95" user="95"/><hh:spacing hangul="-5" latin="-5" hanja="-5" japanese="-5" other="-5" symbol="-5" user="-5"/><hh:relSz hangul="100" latin="100" hanja="100" japanese="100" other="100" symbol="100" user="100"/><hh:offset hangul="0" latin="0" hanja="0" japanese="0" other="0" symbol="0" user="0"/></hh:charPr><hh:charPr id="5" height="1100" textColor="#000000" shadeColor="#FFFFFFFF" useFontSpace="0" useKerning="0" symMark="NONE" borderFillIDRef="3"><hh:fontRef hangul="4" latin="5" hanja="4" japanese="4" other="4" symbol="4" user="4"/><hh:ratio hangul="95" latin="95" hanja="95" japanese="100" other="100" symbol="95" user="100"/><hh:spacing hangul="-3" latin="-3" hanja="-8" japanese="-8" other="-8" symbol="0" user="-8"/><hh:relSz hangul="100" latin="100" hanja="100" japanese="100" other="100" symbol="100" user="100"/><hh:offset hangul="0" latin="0" hanja="0" japanese="0" other="0" symbol="0" user="0"/></hh:charPr><hh:charPr id="6" height="1100" textColor="#000000" shadeColor="#FFFFFFFF" useFontSpace="0" useKerning="0" symMark="NONE" borderFillIDRef="2"><hh:fontRef hangul="4" latin="5" hanja="4" japanese="4" other="4" symbol="4" user="4"/><hh:ratio hangul="95" latin="95" hanja="95" japanese="100" other="100" symbol="95" user="100"/><hh:spacing hangul="-3" latin="-3" hanja="-8" japanese="-8" other="-8" symbol="0" user="-8"/><hh:relSz hangul="100" latin="100" hanja="100" japanese="100" other="100" symbol="100" user="100"/><hh:offset hangul="0" latin="0" hanja="0" japanese="0" other="0" symbol="0" user="0"/></hh:charPr><hh:charPr id="7" height="1000" textColor="#000000" shadeColor="#FFFFFFFF" useFontSpace="0" useKerning="0" symMark="NONE" borderFillIDRef="2"><hh:fontRef hangul="4" latin="5" hanja="4" japanese="4" other="4" symbol="4" user="4"/><hh:ratio hangul="94" latin="94" hanja="94" japanese="94" other="94" symbol="94" user="94"/><hh:spacing hangul="-10" latin="-10" hanja="-10" japanese="-10" other="-10" symbol="-10" user="-10"/><hh:relSz hangul="100" latin="100" hanja="100" japanese="100" other="100" symbol="100" user="100"/><hh:offset hangul="0" latin="0" hanja="0" japanese="0" other="0" symbol="0" user="0"/></hh:charPr><hh:charPr id="8" height="100" textColor="#000000" shadeColor="#FFFFFFFF" useFontSpace="0" useKerning="0" symMark="NONE" borderFillIDRef="1"><hh:fontRef hangul="1" latin="1" hanja="1" japanese="1" other="1" symbol="1" user="1"/><hh:ratio hangul="100" latin="100" hanja="100" japanese="100" other="100" symbol="100" user="100"/><hh:spacing hangul="0" latin="0" hanja="0" japanese="0" other="0" symbol="0" user="0"/><hh:relSz hangul="100" latin="100" hanja="100" japanese="100" other="100" symbol="100" user="100"/><hh:offset hangul="0" latin="0" hanja="0" japanese="0" other="0" symbol="0" user="0"/></hh:charPr><hh:charPr id="9" height="1100" textColor="#000000" shadeColor="#FFFFFFFF" useFontSpace="0" useKerning="0" symMark="NONE" borderFillIDRef="3"><hh:fontRef hangul="4" latin="5" hanja="4" japanese="4" other="4" symbol="4" user="4"/><hh:ratio hangul="100" latin="100" hanja="100" japanese="100" other="100" symbol="100" user="100"/><hh:spacing hangul="0" latin="0" hanja="0" japanese="0" other="0" symbol="0" user="0"/><hh:relSz hangul="100" latin="100" hanja="100" japanese="100" other="100" symbol="100" user="100"/><hh:offset hangul="0" latin="0" hanja="0" japanese="0" other="0" symbol="0" user="0"/></hh:charPr><hh:charPr id="10" height="1150" textColor="#000000" shadeColor="#FFFFFFFF" useFontSpace="0" useKerning="0" symMark="NONE" borderFillIDRef="3"><hh:fontRef hangul="5" latin="6" hanja="5" japanese="5" other="5" symbol="5" user="5"/><hh:ratio hangul="95" latin="95" hanja="95" japanese="95" other="95" symbol="95" user="95"/><hh:spacing hangul="-5" latin="-5" hanja="-5" japanese="-5" other="-5" symbol="-5" user="-5"/><hh:relSz hangul="100" latin="100" hanja="100" japanese="100" other="100" symbol="100" user="100"/><hh:offset hangul="0" latin="0" hanja="0" japanese="0" other="0" symbol="0" user="0"/></hh:charPr><hh:charPr id="11" height="1100" textColor="#000000" shadeColor="#FFFFFFFF" useFontSpace="0" useKerning="0" symMark="NONE" borderFillIDRef="3"><hh:fontRef hangul="5" latin="6" hanja="5" japanese="5" other="5" symbol="5" user="5"/><hh:ratio hangul="95" latin="95" hanja="95" japanese="100" other="100" symbol="95" user="100"/><hh:spacing hangul="-3" latin="-3" hanja="-8" japanese="-8" other="-8" symbol="0" user="-8"/><hh:relSz hangul="100" latin="100" hanja="100" japanese="100" other="100" symbol="100" user="100"/><hh:offset hangul="0" latin="0" hanja="0" japanese="0" other="0" symbol="0" user="0"/></hh:charPr><hh:charPr id="12" height="1100" textColor="#000000" shadeColor="#FFFFFFFF" useFontSpace="0" useKerning="0" symMark="NONE" borderFillIDRef="2"><hh:fontRef hangul="5" latin="6" hanja="5" japanese="5" other="5" symbol="5" user="5"/><hh:ratio hangul="95" latin="95" hanja="95" japanese="100" other="100" symbol="95" user="100"/><hh:spacing hangul="-3" latin="-3" hanja="-8" japanese="-8" other="-8" symbol="0" user="-8"/><hh:relSz hangul="100" latin="100" hanja="100" japanese="100" other="100" symbol="100" user="100"/><hh:offset hangul="0" latin="0" hanja="0" japanese="0" other="0" symbol="0" user="0"/></hh:charPr><hh:charPr id="13" height="1150" textColor="#000000" shadeColor="#FFFFFFFF" useFontSpace="0" useKerning="0" symMark="NONE" borderFillIDRef="3"><hh:fontRef hangul="0" latin="0" hanja="0" japanese="0" other="0" symbol="0" user="0"/><hh:ratio hangul="95" latin="95" hanja="95" japanese="95" other="95" symbol="95" user="95"/><hh:spacing hangul="-5" latin="-5" hanja="-5" japanese="-5" other="-5" symbol="-5" user="-5"/><hh:relSz hangul="100" latin="100" hanja="100" japanese="100" other="100" symbol="100" user="100"/><hh:offset hangul="0" latin="0" hanja="0" japanese="0" other="0" symbol="0" user="0"/></hh:charPr><hh:charPr id="14" height="1100" textColor="#000000" shadeColor="#FFFFFFFF" useFontSpace="0" useKerning="0" symMark="NONE" borderFillIDRef="3"><hh:fontRef hangul="2" latin="2" hanja="2" japanese="2" other="2" symbol="2" user="2"/><hh:ratio hangul="95" latin="95" hanja="95" japanese="95" other="95" symbol="95" user="95"/><hh:spacing hangul="-5" latin="-5" hanja="-5" japanese="-5" other="-5" symbol="-5" user="-5"/><hh:relSz hangul="100" latin="100" hanja="100" japanese="100" other="100" symbol="100" user="100"/><hh:offset hangul="0" latin="0" hanja="0" japanese="0" other="0" symbol="0" user="0"/></hh:charPr><hh:charPr id="15" height="1100" textColor="#000000" shadeColor="#FFFFFFFF" useFontSpace="0" useKerning="0" symMark="NONE" borderFillIDRef="3"><hh:fontRef hangul="7" latin="7" hanja="7" japanese="7" other="7" symbol="7" user="7"/><hh:ratio hangul="95" latin="95" hanja="95" japanese="95" other="95" symbol="95" user="95"/><hh:spacing hangul="-8" latin="-8" hanja="-8" japanese="-8" other="-8" symbol="-8" user="-8"/><hh:relSz hangul="100" latin="100" hanja="100" japanese="100" other="100" symbol="100" user="100"/><hh:offset hangul="0" latin="0" hanja="0" japanese="0" other="0" symbol="0" user="0"/></hh:charPr><hh:charPr id="16" height="1100" textColor="#000000" shadeColor="#FFFFFFFF" useFontSpace="0" useKerning="0" symMark="NONE" borderFillIDRef="2"><hh:fontRef hangul="3" latin="3" hanja="3" japanese="3" other="3" symbol="3" user="3"/><hh:ratio hangul="100" latin="100" hanja="100" japanese="100" other="100" symbol="100" user="100"/><hh:spacing hangul="0" latin="0" hanja="0" japanese="0" other="0" symbol="0" user="0"/><hh:relSz hangul="100" latin="100" hanja="100" japanese="100" other="100" symbol="100" user="100"/><hh:offset hangul="0" latin="0" hanja="0" japanese="0" other="0" symbol="0" user="0"/></hh:charPr></hh:charProperties><hh:tabProperties itemCnt="8"><hh:tabPr id="0" autoTabLeft="0" autoTabRight="0"/><hh:tabPr id="1" autoTabLeft="0" autoTabRight="0"><hh:tabItem pos="2400" type="LEFT" leader="NONE"/></hh:tabPr><hh:tabPr id="2" autoTabLeft="1" autoTabRight="0"><hh:tabItem pos="9000" type="LEFT" leader="NONE"/></hh:tabPr><hh:tabPr id="3" autoTabLeft="0" autoTabRight="0"><hh:tabItem pos="0" type="LEFT" leader="NONE"/><hh:tabItem pos="24000" type="LEFT" leader="NONE"/><hh:tabItem pos="43000" type="LEFT" leader="NONE"/></hh:tabPr><hh:tabPr id="4" autoTabLeft="0" autoTabRight="0"><hh:tabItem pos="0" type="LEFT" leader="NONE"/><hh:tabItem pos="0" type="LEFT" leader="NONE"/><hh:tabItem pos="0" type="LEFT" leader="NONE"/><hh:tabItem pos="0" type="LEFT" leader="NONE"/><hh:tabItem pos="0" type="LEFT" leader="NONE"/><hh:tabItem pos="0" type="LEFT" leader="NONE"/><hh:tabItem pos="0" type="LEFT" leader="NONE"/><hh:tabItem pos="0" type="LEFT" leader="NONE"/><hh:tabItem pos="0" type="LEFT" leader="NONE"/><hh:tabItem pos="0" type="LEFT" leader="NONE"/><hh:tabItem pos="0" type="LEFT" leader="NONE"/><hh:tabItem pos="0" type="LEFT" leader="NONE"/><hh:tabItem pos="0" type="LEFT" leader="NONE"/><hh:tabItem pos="0" type="LEFT" leader="NONE"/><hh:tabItem pos="0" type="LEFT" leader="NONE"/><hh:tabItem pos="0" type="LEFT" leader="NONE"/><hh:tabItem pos="0" type="LEFT" leader="NONE"/><hh:tabItem pos="0" type="LEFT" leader="NONE"/><hh:tabItem pos="0" type="LEFT" leader="NONE"/><hh:tabItem pos="0" type="LEFT" leader="NONE"/><hh:tabItem pos="0" type="LEFT" leader="NONE"/><hh:tabItem pos="0" type="LEFT" leader="NONE"/><hh:tabItem pos="0" type="LEFT" leader="NONE"/><hh:tabItem pos="0" type="LEFT" leader="NONE"/><hh:tabItem pos="0" type="LEFT" leader="NONE"/><hh:tabItem pos="0" type="LEFT" leader="NONE"/><hh:tabItem pos="0" type="LEFT" leader="NONE"/><hh:tabItem pos="0" type="LEFT" leader="NONE"/><hh:tabItem pos="0" type="LEFT" leader="NONE"/><hh:tabItem pos="0" type="LEFT" leader="NONE"/><hh:tabItem pos="0" type="LEFT" leader="NONE"/><hh:tabItem pos="0" type="LEFT" leader="NONE"/><hh:tabItem pos="0" type="LEFT" leader="NONE"/><hh:tabItem pos="0" type="LEFT" leader="NONE"/><hh:tabItem pos="0" type="LEFT" leader="NONE"/><hh:tabItem pos="0" type="LEFT" leader="NONE"/><hh:tabItem pos="14512" type="LEFT" leader="NONE"/><hh:tabItem pos="26760" type="LEFT" leader="NONE"/><hh:tabItem pos="39008" type="LEFT" leader="NONE"/><hh:tabItem pos="51248" type="LEFT" leader="NONE"/></hh:tabPr><hh:tabPr id="5" autoTabLeft="0" autoTabRight="0"><hh:tabItem pos="19842" type="LEFT" leader="NONE"/><hh:tabItem pos="39686" type="LEFT" leader="NONE"/></hh:tabPr><hh:tabPr id="6" autoTabLeft="0" autoTabRight="0"><hh:tabItem pos="10000" type="LEFT" leader="NONE"/><hh:tabItem pos="19800" type="LEFT" leader="NONE"/><hh:tabItem pos="20000" type="LEFT" leader="NONE"/><hh:tabItem pos="30000" type="LEFT" leader="NONE"/><hh:tabItem pos="39600" type="LEFT" leader="NONE"/><hh:tabItem pos="40000" type="LEFT" leader="NONE"/><hh:tabItem pos="50000" type="LEFT" leader="NONE"/><hh:tabItem pos="59200" type="LEFT" leader="NONE"/><hh:tabItem pos="60000" type="LEFT" leader="NONE"/></hh:tabPr><hh:tabPr id="7" autoTabLeft="0" autoTabRight="0"><hh:tabItem pos="19800" type="LEFT" leader="NONE"/><hh:tabItem pos="39600" type="LEFT" leader="NONE"/><hh:tabItem pos="59200" type="LEFT" leader="NONE"/></hh:tabPr></hh:tabProperties><hh:numberings itemCnt="2"><hh:numbering id="1" start="1"><hh:paraHead start="1" level="1" align="LEFT" useInstWidth="1" autoIndent="0" widthAdjust="1000" textOffsetType="PERCENT" textOffset="0" numFormat="DIGIT" charPrIDRef="1">^1</hh:paraHead><hh:paraHead start="1" level="2" align="LEFT" useInstWidth="1" autoIndent="1" widthAdjust="0" textOffsetType="PERCENT" textOffset="50" numFormat="HANGUL_SYLLABLE" charPrIDRef="4294967295">^2.</hh:paraHead><hh:paraHead start="1" level="3" align="LEFT" useInstWidth="1" autoIndent="1" widthAdjust="0" textOffsetType="PERCENT" textOffset="50" numFormat="DIGIT" charPrIDRef="4294967295">^3)</hh:paraHead><hh:paraHead start="1" level="4" align="LEFT" useInstWidth="1" autoIndent="1" widthAdjust="0" textOffsetType="PERCENT" textOffset="50" numFormat="HANGUL_SYLLABLE" charPrIDRef="4294967295">^4)</hh:paraHead><hh:paraHead start="1" level="5" align="LEFT" useInstWidth="1" autoIndent="1" widthAdjust="0" textOffsetType="PERCENT" textOffset="50" numFormat="DIGIT" charPrIDRef="4294967295">(^5)</hh:paraHead><hh:paraHead start="1" level="6" align="LEFT" useInstWidth="1" autoIndent="1" widthAdjust="0" textOffsetType="PERCENT" textOffset="50" numFormat="HANGUL_SYLLABLE" charPrIDRef="4294967295">(^6)</hh:paraHead><hh:paraHead start="1" level="7" align="LEFT" useInstWidth="1" autoIndent="1" widthAdjust="0" textOffsetType="PERCENT" textOffset="50" numFormat="CIRCLED_DIGIT" charPrIDRef="4294967295">^7</hh:paraHead></hh:numbering><hh:numbering id="2" start="1"><hh:paraHead start="1" level="1" align="LEFT" useInstWidth="1" autoIndent="0" widthAdjust="1000" textOffsetType="PERCENT" textOffset="0" numFormat="DIGIT" charPrIDRef="1">^1</hh:paraHead><hh:paraHead start="1" level="2" align="LEFT" useInstWidth="1" autoIndent="1" widthAdjust="0" textOffsetType="PERCENT" textOffset="50" numFormat="HANGUL_SYLLABLE" charPrIDRef="4294967295">^2.</hh:paraHead><hh:paraHead start="1" level="3" align="LEFT" useInstWidth="1" autoIndent="1" widthAdjust="0" textOffsetType="PERCENT" textOffset="50" numFormat="DIGIT" charPrIDRef="4294967295">^3)</hh:paraHead><hh:paraHead start="1" level="4" align="LEFT" useInstWidth="1" autoIndent="1" widthAdjust="0" textOffsetType="PERCENT" textOffset="50" numFormat="HANGUL_SYLLABLE" charPrIDRef="4294967295">^4)</hh:paraHead><hh:paraHead start="1" level="5" align="LEFT" useInstWidth="1" autoIndent="1" widthAdjust="0" textOffsetType="PERCENT" textOffset="50" numFormat="DIGIT" charPrIDRef="4294967295">(^5)</hh:paraHead><hh:paraHead start="1" level="6" align="LEFT" useInstWidth="1" autoIndent="1" widthAdjust="0" textOffsetType="PERCENT" textOffset="50" numFormat="HANGUL_SYLLABLE" charPrIDRef="4294967295">(^6)</hh:paraHead><hh:paraHead start="1" level="7" align="LEFT" useInstWidth="1" autoIndent="1" widthAdjust="0" textOffsetType="PERCENT" textOffset="50" numFormat="CIRCLED_DIGIT" charPrIDRef="4294967295">^7</hh:paraHead></hh:numbering></hh:numberings><hh:paraProperties itemCnt="13"><hh:paraPr id="0" tabPrIDRef="0" condense="0" fontLineHeight="0" snapToGrid="1" suppressLineNumbers="0"><hh:align horizontal="JUSTIFY" vertical="BASELINE"/><hh:heading type="NONE" idRef="0" level="0"/><hh:breakSetting breakLatinWord="KEEP_WORD" breakNonLatinWord="KEEP_WORD" widowOrphan="0" keepWithNext="0" keepLines="0" pageBreakBefore="0" lineWrap="BREAK"/><hh:autoSpacing eAsianEng="0" eAsianNum="0"/><hh:margin><hc:intent value="0" unit="HWPUNIT"/><hc:left value="0" unit="HWPUNIT"/><hc:right value="0" unit="HWPUNIT"/><hc:prev value="0" unit="HWPUNIT"/><hc:next value="0" unit="HWPUNIT"/></hh:margin><hh:lineSpacing type="PERCENT" value="160" unit="HWPUNIT"/><hh:border borderFillIDRef="2" offsetLeft="0" offsetRight="0" offsetTop="0" offsetBottom="0" connect="0" ignoreMargin="0"/></hh:paraPr><hh:paraPr id="1" tabPrIDRef="0" condense="0" fontLineHeight="0" snapToGrid="0" suppressLineNumbers="0"><hh:align horizontal="JUSTIFY" vertical="BASELINE"/><hh:heading type="NONE" idRef="0" level="0"/><hh:breakSetting breakLatinWord="KEEP_WORD" breakNonLatinWord="KEEP_WORD" widowOrphan="0" keepWithNext="0" keepLines="0" pageBreakBefore="0" lineWrap="BREAK"/><hh:autoSpacing eAsianEng="0" eAsianNum="0"/><hh:margin><hc:intent value="0" unit="HWPUNIT"/><hc:left value="0" unit="HWPUNIT"/><hc:right value="0" unit="HWPUNIT"/><hc:prev value="0" unit="HWPUNIT"/><hc:next value="0" unit="HWPUNIT"/></hh:margin><hh:lineSpacing type="PERCENT" value="160" unit="HWPUNIT"/><hh:border borderFillIDRef="3" offsetLeft="0" offsetRight="0" offsetTop="0" offsetBottom="0" connect="0" ignoreMargin="0"/></hh:paraPr><hh:paraPr id="2" tabPrIDRef="3" condense="0" fontLineHeight="0" snapToGrid="0" suppressLineNumbers="0"><hh:align horizontal="JUSTIFY" vertical="BASELINE"/><hh:heading type="NONE" idRef="0" level="0"/><hh:breakSetting breakLatinWord="KEEP_WORD" breakNonLatinWord="KEEP_WORD" widowOrphan="0" keepWithNext="0" keepLines="0" pageBreakBefore="0" lineWrap="BREAK"/><hh:autoSpacing eAsianEng="0" eAsianNum="0"/><hh:margin><hc:intent value="800" unit="HWPUNIT"/><hc:left value="2800" unit="HWPUNIT"/><hc:right value="0" unit="HWPUNIT"/><hc:prev value="1400" unit="HWPUNIT"/><hc:next value="0" unit="HWPUNIT"/></hh:margin><hh:lineSpacing type="PERCENT" value="165" unit="HWPUNIT"/><hh:border borderFillIDRef="2" offsetLeft="0" offsetRight="0" offsetTop="0" offsetBottom="0" connect="0" ignoreMargin="0"/></hh:paraPr><hh:paraPr id="3" tabPrIDRef="1" condense="0" fontLineHeight="0" snapToGrid="0" suppressLineNumbers="0"><hh:align horizontal="LEFT" vertical="BASELINE"/><hh:heading type="NONE" idRef="0" level="0"/><hh:breakSetting breakLatinWord="KEEP_WORD" breakNonLatinWord="BREAK_WORD" widowOrphan="0" keepWithNext="0" keepLines="0" pageBreakBefore="0" lineWrap="BREAK"/><hh:autoSpacing eAsianEng="0" eAsianNum="0"/><hh:margin><hc:intent value="-2000" unit="HWPUNIT"/><hc:left value="1000" unit="HWPUNIT"/><hc:right value="0" unit="HWPUNIT"/><hc:prev value="0" unit="HWPUNIT"/><hc:next value="2000" unit="HWPUNIT"/></hh:margin><hh:lineSpacing type="PERCENT" value="145" unit="HWPUNIT"/><hh:border borderFillIDRef="3" offsetLeft="0" offsetRight="0" offsetTop="0" offsetBottom="0" connect="0" ignoreMargin="0"/></hh:paraPr><hh:paraPr id="4" tabPrIDRef="4" condense="0" fontLineHeight="0" snapToGrid="0" suppressLineNumbers="0"><hh:align horizontal="JUSTIFY" vertical="BASELINE"/><hh:heading type="NONE" idRef="0" level="0"/><hh:breakSetting breakLatinWord="KEEP_WORD" breakNonLatinWord="KEEP_WORD" widowOrphan="0" keepWithNext="0" keepLines="0" pageBreakBefore="0" lineWrap="BREAK"/><hh:autoSpacing eAsianEng="0" eAsianNum="0"/><hh:margin><hc:intent value="0" unit="HWPUNIT"/><hc:left value="2800" unit="HWPUNIT"/><hc:right value="0" unit="HWPUNIT"/><hc:prev value="1400" unit="HWPUNIT"/><hc:next value="0" unit="HWPUNIT"/></hh:margin><hh:lineSpacing type="PERCENT" value="160" unit="HWPUNIT"/><hh:border borderFillIDRef="3" offsetLeft="0" offsetRight="0" offsetTop="0" offsetBottom="0" connect="0" ignoreMargin="0"/></hh:paraPr><hh:paraPr id="5" tabPrIDRef="0" condense="0" fontLineHeight="0" snapToGrid="0" suppressLineNumbers="0"><hh:align horizontal="CENTER" vertical="BASELINE"/><hh:heading type="NONE" idRef="0" level="0"/><hh:breakSetting breakLatinWord="KEEP_WORD" breakNonLatinWord="BREAK_WORD" widowOrphan="0" keepWithNext="0" keepLines="0" pageBreakBefore="0" lineWrap="BREAK"/><hh:autoSpacing eAsianEng="0" eAsianNum="0"/><hh:margin><hc:intent value="0" unit="HWPUNIT"/><hc:left value="0" unit="HWPUNIT"/><hc:right value="0" unit="HWPUNIT"/><hc:prev value="0" unit="HWPUNIT"/><hc:next value="0" unit="HWPUNIT"/></hh:margin><hh:lineSpacing type="PERCENT" value="160" unit="HWPUNIT"/><hh:border borderFillIDRef="3" offsetLeft="0" offsetRight="0" offsetTop="0" offsetBottom="0" connect="0" ignoreMargin="0"/></hh:paraPr><hh:paraPr id="6" tabPrIDRef="5" condense="0" fontLineHeight="0" snapToGrid="0" suppressLineNumbers="0"><hh:align horizontal="JUSTIFY" vertical="BASELINE"/><hh:heading type="NONE" idRef="0" level="0"/><hh:breakSetting breakLatinWord="KEEP_WORD" breakNonLatinWord="KEEP_WORD" widowOrphan="0" keepWithNext="0" keepLines="0" pageBreakBefore="0" lineWrap="BREAK"/><hh:autoSpacing eAsianEng="0" eAsianNum="0"/><hh:margin><hc:intent value="0" unit="HWPUNIT"/><hc:left value="0" unit="HWPUNIT"/><hc:right value="0" unit="HWPUNIT"/><hc:prev value="0" unit="HWPUNIT"/><hc:next value="0" unit="HWPUNIT"/></hh:margin><hh:lineSpacing type="PERCENT" value="160" unit="HWPUNIT"/><hh:border borderFillIDRef="3" offsetLeft="0" offsetRight="0" offsetTop="0" offsetBottom="0" connect="0" ignoreMargin="0"/></hh:paraPr><hh:paraPr id="7" tabPrIDRef="0" condense="0" fontLineHeight="0" snapToGrid="0" suppressLineNumbers="0"><hh:align horizontal="LEFT" vertical="BASELINE"/><hh:heading type="NONE" idRef="0" level="0"/><hh:breakSetting breakLatinWord="KEEP_WORD" breakNonLatinWord="BREAK_WORD" widowOrphan="0" keepWithNext="0" keepLines="0" pageBreakBefore="0" lineWrap="BREAK"/><hh:autoSpacing eAsianEng="0" eAsianNum="0"/><hh:margin><hc:intent value="0" unit="HWPUNIT"/><hc:left value="0" unit="HWPUNIT"/><hc:right value="0" unit="HWPUNIT"/><hc:prev value="0" unit="HWPUNIT"/><hc:next value="0" unit="HWPUNIT"/></hh:margin><hh:lineSpacing type="PERCENT" value="160" unit="HWPUNIT"/><hh:border borderFillIDRef="3" offsetLeft="0" offsetRight="0" offsetTop="0" offsetBottom="0" connect="0" ignoreMargin="0"/></hh:paraPr><hh:paraPr id="8" tabPrIDRef="6" condense="0" fontLineHeight="0" snapToGrid="0" suppressLineNumbers="0"><hh:align horizontal="JUSTIFY" vertical="BASELINE"/><hh:heading type="NONE" idRef="0" level="0"/><hh:breakSetting breakLatinWord="KEEP_WORD" breakNonLatinWord="KEEP_WORD" widowOrphan="0" keepWithNext="0" keepLines="0" pageBreakBefore="0" lineWrap="BREAK"/><hh:autoSpacing eAsianEng="0" eAsianNum="0"/><hh:margin><hc:intent value="0" unit="HWPUNIT"/><hc:left value="0" unit="HWPUNIT"/><hc:right value="0" unit="HWPUNIT"/><hc:prev value="0" unit="HWPUNIT"/><hc:next value="0" unit="HWPUNIT"/></hh:margin><hh:lineSpacing type="PERCENT" value="160" unit="HWPUNIT"/><hh:border borderFillIDRef="3" offsetLeft="0" offsetRight="0" offsetTop="0" offsetBottom="0" connect="0" ignoreMargin="0"/></hh:paraPr><hh:paraPr id="9" tabPrIDRef="0" condense="0" fontLineHeight="0" snapToGrid="0" suppressLineNumbers="0"><hh:align horizontal="LEFT" vertical="BASELINE"/><hh:heading type="NUMBER" idRef="1" level="0"/><hh:breakSetting breakLatinWord="BREAK_WORD" breakNonLatinWord="KEEP_WORD" widowOrphan="0" keepWithNext="0" keepLines="0" pageBreakBefore="0" lineWrap="BREAK"/><hh:autoSpacing eAsianEng="0" eAsianNum="0"/><hh:margin><hc:intent value="-2800" unit="HWPUNIT"/><hc:left value="0" unit="HWPUNIT"/><hc:right value="1600" unit="HWPUNIT"/><hc:prev value="0" unit="HWPUNIT"/><hc:next value="600" unit="HWPUNIT"/></hh:margin><hh:lineSpacing type="PERCENT" value="160" unit="HWPUNIT"/><hh:border borderFillIDRef="2" offsetLeft="0" offsetRight="0" offsetTop="0" offsetBottom="0" connect="0" ignoreMargin="0"/></hh:paraPr><hh:paraPr id="10" tabPrIDRef="2" condense="0" fontLineHeight="0" snapToGrid="0" suppressLineNumbers="0"><hh:align horizontal="LEFT" vertical="BASELINE"/><hh:heading type="NONE" idRef="0" level="0"/><hh:breakSetting breakLatinWord="KEEP_WORD" breakNonLatinWord="BREAK_WORD" widowOrphan="0" keepWithNext="0" keepLines="0" pageBreakBefore="0" lineWrap="BREAK"/><hh:autoSpacing eAsianEng="0" eAsianNum="0"/><hh:margin><hc:intent value="0" unit="HWPUNIT"/><hc:left value="2800" unit="HWPUNIT"/><hc:right value="1200" unit="HWPUNIT"/><hc:prev value="0" unit="HWPUNIT"/><hc:next value="1400" unit="HWPUNIT"/></hh:margin><hh:lineSpacing type="PERCENT" value="160" unit="HWPUNIT"/><hh:border borderFillIDRef="3" offsetLeft="0" offsetRight="0" offsetTop="0" offsetBottom="0" connect="0" ignoreMargin="0"/></hh:paraPr><hh:paraPr id="11" tabPrIDRef="0" condense="0" fontLineHeight="0" snapToGrid="0" suppressLineNumbers="0"><hh:align horizontal="LEFT" vertical="BASELINE"/><hh:heading type="NUMBER" idRef="2" level="0"/><hh:breakSetting breakLatinWord="BREAK_WORD" breakNonLatinWord="KEEP_WORD" widowOrphan="0" keepWithNext="0" keepLines="0" pageBreakBefore="0" lineWrap="BREAK"/><hh:autoSpacing eAsianEng="0" eAsianNum="0"/><hh:margin><hc:intent value="-2800" unit="HWPUNIT"/><hc:left value="0" unit="HWPUNIT"/><hc:right value="1600" unit="HWPUNIT"/><hc:prev value="0" unit="HWPUNIT"/><hc:next value="600" unit="HWPUNIT"/></hh:margin><hh:lineSpacing type="PERCENT" value="160" unit="HWPUNIT"/><hh:border borderFillIDRef="2" offsetLeft="0" offsetRight="0" offsetTop="0" offsetBottom="0" connect="0" ignoreMargin="0"/></hh:paraPr><hh:paraPr id="12" tabPrIDRef="7" condense="0" fontLineHeight="0" snapToGrid="1" suppressLineNumbers="0"><hh:align horizontal="JUSTIFY" vertical="BASELINE"/><hh:heading type="NONE" idRef="0" level="0"/><hh:breakSetting breakLatinWord="KEEP_WORD" breakNonLatinWord="KEEP_WORD" widowOrphan="0" keepWithNext="0" keepLines="0" pageBreakBefore="0" lineWrap="BREAK"/><hh:autoSpacing eAsianEng="0" eAsianNum="0"/><hh:margin><hc:intent value="0" unit="HWPUNIT"/><hc:left value="0" unit="HWPUNIT"/><hc:right value="0" unit="HWPUNIT"/><hc:prev value="0" unit="HWPUNIT"/><hc:next value="0" unit="HWPUNIT"/></hh:margin><hh:lineSpacing type="PERCENT" value="160" unit="HWPUNIT"/><hh:border borderFillIDRef="2" offsetLeft="0" offsetRight="0" offsetTop="0" offsetBottom="0" connect="0" ignoreMargin="0"/></hh:paraPr></hh:paraProperties><hh:styles itemCnt="13"><hh:style id="0" type="PARA" name="바탕글" engName="Normal" paraPrIDRef="1" charPrIDRef="0" nextStyleIDRef="0" langID="1042" lockForm="0"/><hh:style id="1" type="PARA" name="문제1" paraPrIDRef="9" charPrIDRef="2" nextStyleIDRef="1" langID="1042" lockForm="0"/><hh:style id="2" type="PARA" name="문제2" paraPrIDRef="10" charPrIDRef="10" nextStyleIDRef="2" langID="1042" lockForm="0"/><hh:style id="3" type="PARA" name="오선지" paraPrIDRef="4" charPrIDRef="11" nextStyleIDRef="3" langID="1042" lockForm="0"/><hh:style id="4" type="PARA" name="3선지" paraPrIDRef="2" charPrIDRef="12" nextStyleIDRef="4" langID="1042" lockForm="0"/><hh:style id="5" type="PARA" name="보기박스" paraPrIDRef="3" charPrIDRef="13" nextStyleIDRef="5" langID="1042" lockForm="0"/><hh:style id="6" type="PARA" name="테스트 문제" paraPrIDRef="11" charPrIDRef="7" nextStyleIDRef="6" langID="1042" lockForm="0"/><hh:style id="7" type="PARA" name="①-5" paraPrIDRef="4" charPrIDRef="5" nextStyleIDRef="7" langID="1042" lockForm="0"/><hh:style id="8" type="PARA" name="박스안" paraPrIDRef="3" charPrIDRef="4" nextStyleIDRef="8" langID="1042" lockForm="0"/><hh:style id="9" type="PARA" name="①-3" paraPrIDRef="2" charPrIDRef="6" nextStyleIDRef="9" langID="1042" lockForm="0"/><hh:style id="10" type="PARA" name="3형보기-2줄" paraPrIDRef="12" charPrIDRef="15" nextStyleIDRef="10" langID="1042" lockForm="0"/><hh:style id="11" type="PARA" name="기본 스타일" paraPrIDRef="0" charPrIDRef="16" nextStyleIDRef="11" langID="1042" lockForm="0"/><hh:style id="12" type="PARA" name="박스" paraPrIDRef="3" charPrIDRef="14" nextStyleIDRef="12" langID="1042" lockForm="0"/></hh:styles></hh:refList><hh:compatibleDocument targetProgram="HWP201X"><hh:layoutCompatibility/></hh:compatibleDocument><hh:docOption><hh:linkinfo pageInherit="1" footnoteInherit="0"/></hh:docOption></hh:head>