<?xml version="1.0" encoding="UTF-8" standalone="yes" ?><masterPage xmlns:ha="http://www.hancom.co.kr/hwpml/2011/app" xmlns:hp="http://www.hancom.co.kr/hwpml/2011/paragraph" xmlns:hs="http://www.hancom.co.kr/hwpml/2011/section" xmlns:hc="http://www.hancom.co.kr/hwpml/2011/core" xmlns:hh="http://www.hancom.co.kr/hwpml/2011/head" xmlns:hhs="http://www.hancom.co.kr/hwpml/2011/history" xmlns:hm="http://www.hancom.co.kr/hwpml/2011/master-page" xmlns:hpf="http://www.hancom.co.kr/schema/2011/hpf" xmlns:dc="http://purl.org/dc/elements/1.1/" xmlns:opf="http://www.idpf.org/2007/opf/" id="masterpage0" type="BOTH" pageNumber="0" pageDuplicate="0" pageFront="0"><hp:subList textDirection="HORIZONTAL" lineWrap="BREAK" vertAlign="TOP" linkListIDRef="0" linkListNextIDRef="0" textWidth="64348" textHeight="85909" hasTextRef="0" hasNumRef="0"><hp:p id="0" paraPrIDRef="1" styleIDRef="0" pageBreak="0" columnBreak="0"><hp:run charPrIDRef="0"><hp:connectLine id="1376606758" zOrder="548" numberingType="PICTURE" textWrap="TOP_AND_BOTTOM" textFlow="BOTH_SIDES" lock="0" groupLevel="0" instid="302864935" type="STRAIGHT_NOARROW"><hp:offset x="0" y="0"/><hp:orgSz width="100" height="100"/><hp:curSz width="62918" height="1"/><hp:flip horizontal="0" vertical="0"/><hp:rotationInfo angle="0" centerX="31459" centerY="0"/><hp:renderingInfo><hc:transMatrix e1="1" e2="0" e3="0" e4="0" e5="1" e6="0"/><hc:scaMatrix e1="629.179993" e2="0" e3="0" e4="0" e5="0.01" e6="0"/><hc:rotMatrix e1="1" e2="0" e3="0" e4="0" e5="1" e6="0"/></hp:renderingInfo><hp:lineShape color="#000000" width="33" style="SOLID" endCap="FLAT" headStyle="EMPTY_DIAMOND" tailStyle="EMPTY_DIAMOND" headfill="1" tailfill="1" headSz="SMALL_SMALL" tailSz="SMALL_SMALL" outlineStyle="NORMAL" alpha="0"/><hp:shadow type="NONE" color="#B2B2B2" offsetX="0" offsetY="0" alpha="0"/><hp:startPt x="0" y="0" subjectIDRef="0" subjectIdx="0"/><hp:endPt x="100" y="100" subjectIDRef="0" subjectIdx="0"/><hp:sz width="62918" widthRelTo="ABSOLUTE" height="1" heightRelTo="ABSOLUTE" protect="0"/><hp:pos treatAsChar="0" affectLSpacing="0" flowWithText="0" allowOverlap="1" holdAnchorAndSO="0" vertRelTo="PAPER" horzRelTo="PAPER" vertAlign="TOP" horzAlign="LEFT" vertOffset="7651" horzOffset="5060"/><hp:outMargin left="0" right="0" top="0" bottom="0"/></hp:connectLine><hp:connectLine id="1376606762" zOrder="549" numberingType="PICTURE" textWrap="TOP_AND_BOTTOM" textFlow="BOTH_SIDES" lock="0" groupLevel="0" instid="302864939" type="STRAIGHT_NOARROW"><hp:offset x="0" y="0"/><hp:orgSz width="100" height="100"/><hp:curSz width="63595" height="10"/><hp:flip horizontal="0" vertical="0"/><hp:rotationInfo angle="0" centerX="31797" centerY="5"/><hp:renderingInfo><hc:transMatrix e1="1" e2="0" e3="0" e4="0" e5="1" e6="0"/><hc:scaMatrix e1="635.950012" e2="0" e3="0" e4="0" e5="0.1" e6="0"/><hc:rotMatrix e1="1" e2="0" e3="0" e4="0" e5="1" e6="0"/></hp:renderingInfo><hp:lineShape color="#000000" width="33" style="SOLID" endCap="FLAT" headStyle="EMPTY_DIAMOND" tailStyle="EMPTY_DIAMOND" headfill="1" tailfill="1" headSz="SMALL_SMALL" tailSz="SMALL_SMALL" outlineStyle="NORMAL" alpha="0"/><hp:shadow type="NONE" color="#B2B2B2" offsetX="0" offsetY="0" alpha="0"/><hp:startPt x="0" y="0" subjectIDRef="0" subjectIdx="0"/><hp:endPt x="100" y="100" subjectIDRef="0" subjectIdx="0"/><hp:sz width="63595" widthRelTo="ABSOLUTE" height="10" heightRelTo="ABSOLUTE" protect="0"/><hp:pos treatAsChar="0" affectLSpacing="0" flowWithText="0" allowOverlap="1" holdAnchorAndSO="0" vertRelTo="PAPER" horzRelTo="PAPER" vertAlign="TOP" horzAlign="LEFT" vertOffset="96269" horzOffset="4689"/><hp:outMargin left="0" right="0" top="0" bottom="0"/></hp:connectLine><hp:t/></hp:run><hp:linesegarray><hp:lineseg textpos="0" vertpos="0" vertsize="1000" textheight="1000" baseline="850" spacing="600" horzpos="0" horzsize="64348" flags="393216"/></hp:linesegarray></hp:p><hp:p id="0" paraPrIDRef="1" styleIDRef="0" pageBreak="0" columnBreak="0"><hp:run charPrIDRef="0"><hp:ctrl><hp:colPr type="NEWSPAPER" layout="LEFT" colCount="2" sameSz="1" sameGap="2268"><hp:colLine type="DASH" width="0.12 mm" color="#000000"/></hp:colPr></hp:ctrl><hp:t/></hp:run><hp:linesegarray><hp:lineseg textpos="0" vertpos="0" vertsize="1000" textheight="1000" baseline="850" spacing="600" horzpos="0" horzsize="31040" flags="393216"/></hp:linesegarray></hp:p><hp:p id="0" paraPrIDRef="1" styleIDRef="0" pageBreak="0" columnBreak="0"><hp:run charPrIDRef="0"/><hp:linesegarray><hp:lineseg textpos="0" vertpos="1600" vertsize="1000" textheight="1000" baseline="850" spacing="600" horzpos="0" horzsize="31040" flags="393216"/></hp:linesegarray></hp:p><hp:p id="0" paraPrIDRef="1" styleIDRef="0" pageBreak="0" columnBreak="0"><hp:run charPrIDRef="0"/><hp:linesegarray><hp:lineseg textpos="0" vertpos="3200" vertsize="1000" textheight="1000" baseline="850" spacing="600" horzpos="0" horzsize="31040" flags="393216"/></hp:linesegarray></hp:p><hp:p id="0" paraPrIDRef="1" styleIDRef="0" pageBreak="0" columnBreak="0"><hp:run charPrIDRef="0"/><hp:linesegarray><hp:lineseg textpos="0" vertpos="4800" vertsize="1000" textheight="1000" baseline="850" spacing="600" horzpos="0" horzsize="31040" flags="393216"/></hp:linesegarray></hp:p><hp:p id="0" paraPrIDRef="1" styleIDRef="0" pageBreak="0" columnBreak="0"><hp:run charPrIDRef="0"/><hp:linesegarray><hp:lineseg textpos="0" vertpos="6400" vertsize="1000" textheight="1000" baseline="850" spacing="600" horzpos="0" horzsize="31040" flags="393216"/></hp:linesegarray></hp:p><hp:p id="0" paraPrIDRef="1" styleIDRef="0" pageBreak="0" columnBreak="0"><hp:run charPrIDRef="0"/><hp:linesegarray><hp:lineseg textpos="0" vertpos="8000" vertsize="1000" textheight="1000" baseline="850" spacing="600" horzpos="0" horzsize="31040" flags="393216"/></hp:linesegarray></hp:p><hp:p id="0" paraPrIDRef="1" styleIDRef="0" pageBreak="0" columnBreak="0"><hp:run charPrIDRef="0"/><hp:linesegarray><hp:lineseg textpos="0" vertpos="9600" vertsize="1000" textheight="1000" baseline="850" spacing="600" horzpos="0" horzsize="31040" flags="393216"/></hp:linesegarray></hp:p><hp:p id="0" paraPrIDRef="1" styleIDRef="0" pageBreak="0" columnBreak="0"><hp:run charPrIDRef="0"/><hp:linesegarray><hp:lineseg textpos="0" vertpos="11200" vertsize="1000" textheight="1000" baseline="850" spacing="600" horzpos="0" horzsize="31040" flags="393216"/></hp:linesegarray></hp:p><hp:p id="0" paraPrIDRef="1" styleIDRef="0" pageBreak="0" columnBreak="0"><hp:run charPrIDRef="0"/><hp:linesegarray><hp:lineseg textpos="0" vertpos="12800" vertsize="1000" textheight="1000" baseline="850" spacing="600" horzpos="0" horzsize="31040" flags="393216"/></hp:linesegarray></hp:p><hp:p id="0" paraPrIDRef="1" styleIDRef="0" pageBreak="0" columnBreak="0"><hp:run charPrIDRef="0"/><hp:linesegarray><hp:lineseg textpos="0" vertpos="14400" vertsize="1000" textheight="1000" baseline="850" spacing="600" horzpos="0" horzsize="31040" flags="393216"/></hp:linesegarray></hp:p><hp:p id="0" paraPrIDRef="1" styleIDRef="0" pageBreak="0" columnBreak="0"><hp:run charPrIDRef="0"/><hp:linesegarray><hp:lineseg textpos="0" vertpos="16000" vertsize="1000" textheight="1000" baseline="850" spacing="600" horzpos="0" horzsize="31040" flags="393216"/></hp:linesegarray></hp:p><hp:p id="0" paraPrIDRef="1" styleIDRef="0" pageBreak="0" columnBreak="0"><hp:run charPrIDRef="0"/><hp:linesegarray><hp:lineseg textpos="0" vertpos="17600" vertsize="1000" textheight="1000" baseline="850" spacing="600" horzpos="0" horzsize="31040" flags="393216"/></hp:linesegarray></hp:p><hp:p id="0" paraPrIDRef="1" styleIDRef="0" pageBreak="0" columnBreak="0"><hp:run charPrIDRef="0"/><hp:linesegarray><hp:lineseg textpos="0" vertpos="19200" vertsize="1000" textheight="1000" baseline="850" spacing="600" horzpos="0" horzsize="31040" flags="393216"/></hp:linesegarray></hp:p><hp:p id="0" paraPrIDRef="1" styleIDRef="0" pageBreak="0" columnBreak="0"><hp:run charPrIDRef="0"/><hp:linesegarray><hp:lineseg textpos="0" vertpos="20800" vertsize="1000" textheight="1000" baseline="850" spacing="600" horzpos="0" horzsize="31040" flags="393216"/></hp:linesegarray></hp:p><hp:p id="0" paraPrIDRef="1" styleIDRef="0" pageBreak="0" columnBreak="0"><hp:run charPrIDRef="0"/><hp:linesegarray><hp:lineseg textpos="0" vertpos="22400" vertsize="1000" textheight="1000" baseline="850" spacing="600" horzpos="0" horzsize="31040" flags="393216"/></hp:linesegarray></hp:p><hp:p id="0" paraPrIDRef="1" styleIDRef="0" pageBreak="0" columnBreak="0"><hp:run charPrIDRef="0"/><hp:linesegarray><hp:lineseg textpos="0" vertpos="24000" vertsize="1000" textheight="1000" baseline="850" spacing="600" horzpos="0" horzsize="31040" flags="393216"/></hp:linesegarray></hp:p><hp:p id="0" paraPrIDRef="1" styleIDRef="0" pageBreak="0" columnBreak="0"><hp:run charPrIDRef="0"/><hp:linesegarray><hp:lineseg textpos="0" vertpos="25600" vertsize="1000" textheight="1000" baseline="850" spacing="600" horzpos="0" horzsize="31040" flags="393216"/></hp:linesegarray></hp:p><hp:p id="0" paraPrIDRef="1" styleIDRef="0" pageBreak="0" columnBreak="0"><hp:run charPrIDRef="0"/><hp:linesegarray><hp:lineseg textpos="0" vertpos="27200" vertsize="1000" textheight="1000" baseline="850" spacing="600" horzpos="0" horzsize="31040" flags="393216"/></hp:linesegarray></hp:p><hp:p id="0" paraPrIDRef="1" styleIDRef="0" pageBreak="0" columnBreak="0"><hp:run charPrIDRef="0"/><hp:linesegarray><hp:lineseg textpos="0" vertpos="28800" vertsize="1000" textheight="1000" baseline="850" spacing="600" horzpos="0" horzsize="31040" flags="393216"/></hp:linesegarray></hp:p><hp:p id="0" paraPrIDRef="1" styleIDRef="0" pageBreak="0" columnBreak="0"><hp:run charPrIDRef="0"/><hp:linesegarray><hp:lineseg textpos="0" vertpos="30400" vertsize="1000" textheight="1000" baseline="850" spacing="600" horzpos="0" horzsize="31040" flags="393216"/></hp:linesegarray></hp:p><hp:p id="0" paraPrIDRef="1" styleIDRef="0" pageBreak="0" columnBreak="0"><hp:run charPrIDRef="0"/><hp:linesegarray><hp:lineseg textpos="0" vertpos="32000" vertsize="1000" textheight="1000" baseline="850" spacing="600" horzpos="0" horzsize="31040" flags="393216"/></hp:linesegarray></hp:p><hp:p id="0" paraPrIDRef="1" styleIDRef="0" pageBreak="0" columnBreak="0"><hp:run charPrIDRef="0"/><hp:linesegarray><hp:lineseg textpos="0" vertpos="33600" vertsize="1000" textheight="1000" baseline="850" spacing="600" horzpos="0" horzsize="31040" flags="393216"/></hp:linesegarray></hp:p><hp:p id="0" paraPrIDRef="1" styleIDRef="0" pageBreak="0" columnBreak="0"><hp:run charPrIDRef="0"/><hp:linesegarray><hp:lineseg textpos="0" vertpos="35200" vertsize="1000" textheight="1000" baseline="850" spacing="600" horzpos="0" horzsize="31040" flags="393216"/></hp:linesegarray></hp:p><hp:p id="0" paraPrIDRef="1" styleIDRef="0" pageBreak="0" columnBreak="0"><hp:run charPrIDRef="0"/><hp:linesegarray><hp:lineseg textpos="0" vertpos="36800" vertsize="1000" textheight="1000" baseline="850" spacing="600" horzpos="0" horzsize="31040" flags="393216"/></hp:linesegarray></hp:p><hp:p id="0" paraPrIDRef="1" styleIDRef="0" pageBreak="0" columnBreak="0"><hp:run charPrIDRef="0"/><hp:linesegarray><hp:lineseg textpos="0" vertpos="38400" vertsize="1000" textheight="1000" baseline="850" spacing="600" horzpos="0" horzsize="31040" flags="393216"/></hp:linesegarray></hp:p><hp:p id="0" paraPrIDRef="1" styleIDRef="0" pageBreak="0" columnBreak="0"><hp:run charPrIDRef="0"/><hp:linesegarray><hp:lineseg textpos="0" vertpos="40000" vertsize="1000" textheight="1000" baseline="850" spacing="600" horzpos="0" horzsize="31040" flags="393216"/></hp:linesegarray></hp:p><hp:p id="0" paraPrIDRef="1" styleIDRef="0" pageBreak="0" columnBreak="0"><hp:run charPrIDRef="0"/><hp:linesegarray><hp:lineseg textpos="0" vertpos="41600" vertsize="1000" textheight="1000" baseline="850" spacing="600" horzpos="0" horzsize="31040" flags="393216"/></hp:linesegarray></hp:p><hp:p id="0" paraPrIDRef="1" styleIDRef="0" pageBreak="0" columnBreak="0"><hp:run charPrIDRef="0"/><hp:linesegarray><hp:lineseg textpos="0" vertpos="43200" vertsize="1000" textheight="1000" baseline="850" spacing="600" horzpos="0" horzsize="31040" flags="393216"/></hp:linesegarray></hp:p><hp:p id="0" paraPrIDRef="1" styleIDRef="0" pageBreak="0" columnBreak="0"><hp:run charPrIDRef="0"/><hp:linesegarray><hp:lineseg textpos="0" vertpos="44800" vertsize="1000" textheight="1000" baseline="850" spacing="600" horzpos="0" horzsize="31040" flags="393216"/></hp:linesegarray></hp:p><hp:p id="0" paraPrIDRef="1" styleIDRef="0" pageBreak="0" columnBreak="0"><hp:run charPrIDRef="0"/><hp:linesegarray><hp:lineseg textpos="0" vertpos="46400" vertsize="1000" textheight="1000" baseline="850" spacing="600" horzpos="0" horzsize="31040" flags="393216"/></hp:linesegarray></hp:p><hp:p id="0" paraPrIDRef="1" styleIDRef="0" pageBreak="0" columnBreak="0"><hp:run charPrIDRef="0"/><hp:linesegarray><hp:lineseg textpos="0" vertpos="48000" vertsize="1000" textheight="1000" baseline="850" spacing="600" horzpos="0" horzsize="31040" flags="393216"/></hp:linesegarray></hp:p><hp:p id="0" paraPrIDRef="1" styleIDRef="0" pageBreak="0" columnBreak="0"><hp:run charPrIDRef="0"/><hp:linesegarray><hp:lineseg textpos="0" vertpos="49600" vertsize="1000" textheight="1000" baseline="850" spacing="600" horzpos="0" horzsize="31040" flags="393216"/></hp:linesegarray></hp:p><hp:p id="0" paraPrIDRef="1" styleIDRef="0" pageBreak="0" columnBreak="0"><hp:run charPrIDRef="0"/><hp:linesegarray><hp:lineseg textpos="0" vertpos="51200" vertsize="1000" textheight="1000" baseline="850" spacing="600" horzpos="0" horzsize="31040" flags="393216"/></hp:linesegarray></hp:p><hp:p id="0" paraPrIDRef="1" styleIDRef="0" pageBreak="0" columnBreak="0"><hp:run charPrIDRef="0"/><hp:linesegarray><hp:lineseg textpos="0" vertpos="52800" vertsize="1000" textheight="1000" baseline="850" spacing="600" horzpos="0" horzsize="31040" flags="393216"/></hp:linesegarray></hp:p><hp:p id="0" paraPrIDRef="1" styleIDRef="0" pageBreak="0" columnBreak="0"><hp:run charPrIDRef="0"/><hp:linesegarray><hp:lineseg textpos="0" vertpos="54400" vertsize="1000" textheight="1000" baseline="850" spacing="600" horzpos="0" horzsize="31040" flags="393216"/></hp:linesegarray></hp:p><hp:p id="0" paraPrIDRef="1" styleIDRef="0" pageBreak="0" columnBreak="0"><hp:run charPrIDRef="0"/><hp:linesegarray><hp:lineseg textpos="0" vertpos="56000" vertsize="1000" textheight="1000" baseline="850" spacing="600" horzpos="0" horzsize="31040" flags="393216"/></hp:linesegarray></hp:p><hp:p id="0" paraPrIDRef="1" styleIDRef="0" pageBreak="0" columnBreak="0"><hp:run charPrIDRef="0"/><hp:linesegarray><hp:lineseg textpos="0" vertpos="57600" vertsize="1000" textheight="1000" baseline="850" spacing="600" horzpos="0" horzsize="31040" flags="393216"/></hp:linesegarray></hp:p><hp:p id="0" paraPrIDRef="1" styleIDRef="0" pageBreak="0" columnBreak="0"><hp:run charPrIDRef="0"/><hp:linesegarray><hp:lineseg textpos="0" vertpos="59200" vertsize="1000" textheight="1000" baseline="850" spacing="600" horzpos="0" horzsize="31040" flags="393216"/></hp:linesegarray></hp:p><hp:p id="0" paraPrIDRef="1" styleIDRef="0" pageBreak="0" columnBreak="0"><hp:run charPrIDRef="0"/><hp:linesegarray><hp:lineseg textpos="0" vertpos="60800" vertsize="1000" textheight="1000" baseline="850" spacing="600" horzpos="0" horzsize="31040" flags="393216"/></hp:linesegarray></hp:p><hp:p id="0" paraPrIDRef="1" styleIDRef="0" pageBreak="0" columnBreak="0"><hp:run charPrIDRef="0"/><hp:linesegarray><hp:lineseg textpos="0" vertpos="62400" vertsize="1000" textheight="1000" baseline="850" spacing="600" horzpos="0" horzsize="31040" flags="393216"/></hp:linesegarray></hp:p><hp:p id="0" paraPrIDRef="1" styleIDRef="0" pageBreak="0" columnBreak="0"><hp:run charPrIDRef="0"/><hp:linesegarray><hp:lineseg textpos="0" vertpos="64000" vertsize="1000" textheight="1000" baseline="850" spacing="600" horzpos="0" horzsize="31040" flags="393216"/></hp:linesegarray></hp:p><hp:p id="0" paraPrIDRef="1" styleIDRef="0" pageBreak="0" columnBreak="0"><hp:run charPrIDRef="0"/><hp:linesegarray><hp:lineseg textpos="0" vertpos="65600" vertsize="1000" textheight="1000" baseline="850" spacing="600" horzpos="0" horzsize="31040" flags="393216"/></hp:linesegarray></hp:p><hp:p id="0" paraPrIDRef="1" styleIDRef="0" pageBreak="0" columnBreak="0"><hp:run charPrIDRef="0"/><hp:linesegarray><hp:lineseg textpos="0" vertpos="67200" vertsize="1000" textheight="1000" baseline="850" spacing="600" horzpos="0" horzsize="31040" flags="393216"/></hp:linesegarray></hp:p><hp:p id="0" paraPrIDRef="1" styleIDRef="0" pageBreak="0" columnBreak="0"><hp:run charPrIDRef="0"/><hp:linesegarray><hp:lineseg textpos="0" vertpos="68800" vertsize="1000" textheight="1000" baseline="850" spacing="600" horzpos="0" horzsize="31040" flags="393216"/></hp:linesegarray></hp:p><hp:p id="0" paraPrIDRef="1" styleIDRef="0" pageBreak="0" columnBreak="0"><hp:run charPrIDRef="0"/><hp:linesegarray><hp:lineseg textpos="0" vertpos="70400" vertsize="1000" textheight="1000" baseline="850" spacing="600" horzpos="0" horzsize="31040" flags="393216"/></hp:linesegarray></hp:p><hp:p id="0" paraPrIDRef="1" styleIDRef="0" pageBreak="0" columnBreak="0"><hp:run charPrIDRef="0"/><hp:linesegarray><hp:lineseg textpos="0" vertpos="72000" vertsize="1000" textheight="1000" baseline="850" spacing="600" horzpos="0" horzsize="31040" flags="393216"/></hp:linesegarray></hp:p><hp:p id="0" paraPrIDRef="1" styleIDRef="0" pageBreak="0" columnBreak="0"><hp:run charPrIDRef="0"/><hp:linesegarray><hp:lineseg textpos="0" vertpos="73600" vertsize="1000" textheight="1000" baseline="850" spacing="600" horzpos="0" horzsize="31040" flags="393216"/></hp:linesegarray></hp:p><hp:p id="0" paraPrIDRef="1" styleIDRef="0" pageBreak="0" columnBreak="0"><hp:run charPrIDRef="0"/><hp:linesegarray><hp:lineseg textpos="0" vertpos="75200" vertsize="1000" textheight="1000" baseline="850" spacing="600" horzpos="0" horzsize="31040" flags="393216"/></hp:linesegarray></hp:p><hp:p id="0" paraPrIDRef="1" styleIDRef="0" pageBreak="0" columnBreak="0"><hp:run charPrIDRef="0"/><hp:linesegarray><hp:lineseg textpos="0" vertpos="76800" vertsize="1000" textheight="1000" baseline="850" spacing="600" horzpos="0" horzsize="31040" flags="393216"/></hp:linesegarray></hp:p><hp:p id="0" paraPrIDRef="1" styleIDRef="0" pageBreak="0" columnBreak="0"><hp:run charPrIDRef="0"/><hp:linesegarray><hp:lineseg textpos="0" vertpos="78400" vertsize="1000" textheight="1000" baseline="850" spacing="600" horzpos="0" horzsize="31040" flags="393216"/></hp:linesegarray></hp:p><hp:p id="0" paraPrIDRef="1" styleIDRef="0" pageBreak="0" columnBreak="0"><hp:run charPrIDRef="0"/><hp:linesegarray><hp:lineseg textpos="0" vertpos="80000" vertsize="1000" textheight="1000" baseline="850" spacing="600" horzpos="0" horzsize="31040" flags="393216"/></hp:linesegarray></hp:p><hp:p id="0" paraPrIDRef="1" styleIDRef="0" pageBreak="0" columnBreak="0"><hp:run charPrIDRef="0"/><hp:linesegarray><hp:lineseg textpos="0" vertpos="81600" vertsize="1000" textheight="1000" baseline="850" spacing="600" horzpos="0" horzsize="31040" flags="393216"/></hp:linesegarray></hp:p><hp:p id="0" paraPrIDRef="1" styleIDRef="0" pageBreak="0" columnBreak="0"><hp:run charPrIDRef="0"/><hp:linesegarray><hp:lineseg textpos="0" vertpos="0" vertsize="1000" textheight="1000" baseline="850" spacing="600" horzpos="0" horzsize="31040" flags="393216"/></hp:linesegarray></hp:p><hp:p id="0" paraPrIDRef="1" styleIDRef="0" pageBreak="0" columnBreak="0"><hp:run charPrIDRef="0"/><hp:linesegarray><hp:lineseg textpos="0" vertpos="1600" vertsize="1000" textheight="1000" baseline="850" spacing="600" horzpos="0" horzsize="31040" flags="393216"/></hp:linesegarray></hp:p></hp:subList></masterPage>