<?xml version="1.0" encoding="UTF-8" standalone="yes"?><hs:sec xmlns:ha="http://www.hancom.co.kr/hwpml/2011/app" xmlns:hp="http://www.hancom.co.kr/hwpml/2011/paragraph" xmlns:hs="http://www.hancom.co.kr/hwpml/2011/section" xmlns:hc="http://www.hancom.co.kr/hwpml/2011/core" xmlns:hh="http://www.hancom.co.kr/hwpml/2011/head" xmlns:hhs="http://www.hancom.co.kr/hwpml/2011/history" xmlns:hm="http://www.hancom.co.kr/hwpml/2011/master-page" xmlns:hpf="http://www.hancom.co.kr/schema/2011/hpf" xmlns:dc="http://purl.org/dc/elements/1.1/" xmlns:opf="http://www.idpf.org/2007/opf/"><hp:p id="433719592" paraPrIDRef="q0_5" styleIDRef="q0_1" pageBreak="0" columnBreak="1"><hp:run charPrIDRef="q0_9"><hp:secPr textDirection="HORIZONTAL" spaceColumns="1134" tabStop="8000" outlineShapeIDRef="0" memoShapeIDRef="0" textVerticalWidthHead="0" masterPageCnt="1"><hp:grid lineGrid="0" charGrid="0" wonggojiFormat="0"/><hp:startNum pageStartsOn="BOTH" page="0" pic="0" tbl="0" equation="0"/><hp:visibility hideFirstHeader="0" hideFirstFooter="0" hideFirstMasterPage="0" border="SHOW_ALL" fill="SHOW_ALL" hideFirstPageNum="0" hideFirstEmptyLine="0" showLineNumber="0"/><hp:lineNumberShape restartType="0" countBy="0" distance="0" startNumber="0"/><hp:pagePr landscape="WIDELY" width="72852" height="103180" gutterType="LEFT_ONLY"><hp:margin header="2551" footer="2551" gutter="0" left="4252" right="4252" top="6500" bottom="5669"/></hp:pagePr><hp:footNotePr><hp:autoNumFormat type="DIGIT" suffixChar=")" supscript="0"/><hp:noteLine length="-1" type="SOLID" width="0.12 mm" color="#000000"/><hp:noteSpacing betweenNotes="284" belowLine="568" aboveLine="852"/><hp:numbering type="CONTINUOUS" newNum="1"/><hp:placement place="EACH_COLUMN" beneathText="0"/></hp:footNotePr><hp:endNotePr><hp:autoNumFormat type="DIGIT" suffixChar=")" supscript="0"/><hp:noteLine length="0" type="NONE" width="0.12 mm" color="#000000"/><hp:noteSpacing betweenNotes="0" belowLine="576" aboveLine="864"/><hp:numbering type="CONTINUOUS" newNum="1"/><hp:placement place="END_OF_DOCUMENT" beneathText="0"/></hp:endNotePr><hp:pageBorderFill type="BOTH" borderFillIDRef="1" textBorder="PAPER" headerInside="0" footerInside="0" fillArea="PAPER"><hp:offset left="1417" right="1417" top="1417" bottom="1417"/></hp:pageBorderFill><hp:pageBorderFill type="EVEN" borderFillIDRef="1" textBorder="PAPER" headerInside="0" footerInside="0" fillArea="PAPER"><hp:offset left="1417" right="1417" top="1417" bottom="1417"/></hp:pageBorderFill><hp:pageBorderFill type="ODD" borderFillIDRef="1" textBorder="PAPER" headerInside="0" footerInside="0" fillArea="PAPER"><hp:offset left="1417" right="1417" top="1417" bottom="1417"/></hp:pageBorderFill><hp:masterPage idRef="masterpage0"/></hp:secPr><hp:ctrl><hp:endNote><hp:subList textDirection="HORIZONTAL" lineWrap="BREAK" vertAlign="TOP" linkListIDRef="q0_0" linkListNextIDRef="q0_0" textWidth="0" textHeight="0" hasTextRef="q0_0" hasNumRef="q0_0"><hp:p id="1922208471" paraPrIDRef="q0_7" styleIDRef="q0_8" pageBreak="0" columnBreak="0"><hp:run charPrIDRef="q0_8"><hp:ctrl/><hp:t> </hp:t><hp:equation id="2054088652" zOrder="303" numberingType="EQUATION" textWrap="SQUARE" textFlow="BOTH_SIDES" lock="0" version="Equation Version 60" baseLine="87" textColor="#000000" baseUnit="1100" lineMode="CHAR"><hp:sz width="10235" widthRelTo="ABSOLUTE" height="1290" heightRelTo="ABSOLUTE" protect="0"/><hp:pos treatAsChar="1" affectLSpacing="0" flowWithText="1" allowOverlap="0" holdAnchorAndSO="0" vertRelTo="PARA" horzRelTo="PARA" vertAlign="TOP" horzAlign="LEFT" vertOffset="0" horzOffset="0"/><hp:outMargin left="56" right="56" top="0" bottom="0"/><hp:shapeComment>수식입니다.</hp:shapeComment><hp:script>-1le{m&lt;it-3+2 sqrt {2}</hp:script></hp:equation><hp:t/></hp:run><hp:linesegarray><hp:lineseg textpos="0" vertpos="700" vertsize="1290" textheight="1290" baseline="1122" spacing="660" horzpos="1400" horzsize="29640" flags="393216"/></hp:linesegarray></hp:p><hp:p id="163968196" paraPrIDRef="q0_0" styleIDRef="q0_0" pageBreak="0" columnBreak="0"><hp:run charPrIDRef="q0_0"><hp:tbl id="2054088653" zOrder="32" numberingType="TABLE" textWrap="TIGHT" textFlow="BOTH_SIDES" lock="0" pageBreak="NONE" repeatHeader="1" rowCnt="1" colCnt="1" cellSpacing="0" borderFillIDRef="q0_6" noAdjust="0" hasOldAddrInfo="1" invalidFormulas="1" sizeAuto="0"><hp:sz width="29852" widthRelTo="ABSOLUTE" height="16528" heightRelTo="ABSOLUTE" protect="0"/><hp:pos treatAsChar="0" affectLSpacing="0" flowWithText="1" allowOverlap="0" holdAnchorAndSO="0" vertRelTo="PARA" horzRelTo="COLUMN" vertAlign="TOP" horzAlign="LEFT" vertOffset="0" horzOffset="0"/><hp:outMargin left="141" right="141" top="141" bottom="141"/><hp:inMargin left="566" right="566" top="566" bottom="566"/><hp:tr><hp:tc header="0" hasMargin="1" protect="0" editable="0" dirty="0" borderFillIDRef="q0_7"><hp:subList textDirection="HORIZONTAL" lineWrap="BREAK" vertAlign="CENTER" linkListIDRef="q0_0" linkListNextIDRef="q0_0" textWidth="0" textHeight="0" hasTextRef="q0_0" hasNumRef="q0_0"><hp:p id="1816080168" paraPrIDRef="q0_2" styleIDRef="q0_5" pageBreak="0" columnBreak="0"><hp:run charPrIDRef="q0_2"><hp:equation id="2054088654" zOrder="305" numberingType="EQUATION" textWrap="SQUARE" textFlow="BOTH_SIDES" lock="0" version="Equation Version 60" baseLine="65" textColor="#000000" baseUnit="1100" lineMode="CHAR"><hp:sz width="5944" widthRelTo="ABSOLUTE" height="2580" heightRelTo="ABSOLUTE" protect="0"/><hp:pos treatAsChar="1" affectLSpacing="0" flowWithText="1" allowOverlap="0" holdAnchorAndSO="0" vertRelTo="PARA" horzRelTo="PARA" vertAlign="TOP" horzAlign="LEFT" vertOffset="0" horzOffset="0"/><hp:outMargin left="56" right="56" top="0" bottom="0"/><hp:shapeComment>수식입니다.</hp:shapeComment><hp:script>y= {LEFT | `x` RIGHT | -1} over {LEFT | `x-1` RIGHT |}</hp:script></hp:equation><hp:t>는</hp:t></hp:run><hp:linesegarray><hp:lineseg textpos="0" vertpos="0" vertsize="2580" textheight="2580" baseline="1677" spacing="516" horzpos="500" horzsize="28784" flags="393216"/></hp:linesegarray></hp:p><hp:p id="151584965" paraPrIDRef="q0_2" styleIDRef="q0_5" pageBreak="0" columnBreak="0"><hp:run charPrIDRef="q0_2"><hp:equation id="2054088655" zOrder="538" numberingType="EQUATION" textWrap="SQUARE" textFlow="BOTH_SIDES" lock="0" version="Equation Version 60" baseLine="85" textColor="#000000" baseUnit="1100" lineMode="CHAR"><hp:sz width="827" widthRelTo="ABSOLUTE" height="1125" heightRelTo="ABSOLUTE" protect="0"/><hp:pos treatAsChar="1" affectLSpacing="0" flowWithText="1" allowOverlap="0" holdAnchorAndSO="0" vertRelTo="PARA" horzRelTo="PARA" vertAlign="TOP" horzAlign="LEFT" vertOffset="0" horzOffset="0"/><hp:outMargin left="56" right="56" top="0" bottom="0"/><hp:shapeComment>수식입니다.</hp:shapeComment><hp:script>i)</hp:script></hp:equation><hp:t> </hp:t><hp:equation id="2054088656" zOrder="306" numberingType="EQUATION" textWrap="SQUARE" textFlow="BOTH_SIDES" lock="0" version="Equation Version 60" baseLine="85" textColor="#000000" baseUnit="1100" lineMode="CHAR"><hp:sz width="2487" widthRelTo="ABSOLUTE" height="1125" heightRelTo="ABSOLUTE" protect="0"/><hp:pos treatAsChar="1" affectLSpacing="0" flowWithText="1" allowOverlap="0" holdAnchorAndSO="0" vertRelTo="PARA" horzRelTo="PARA" vertAlign="TOP" horzAlign="LEFT" vertOffset="0" horzOffset="0"/><hp:outMargin left="56" right="56" top="0" bottom="0"/><hp:shapeComment>수식입니다.</hp:shapeComment><hp:script>x&lt;0</hp:script></hp:equation><hp:t/></hp:run><hp:linesegarray><hp:lineseg textpos="0" vertpos="4096" vertsize="1150" textheight="1150" baseline="978" spacing="516" horzpos="500" horzsize="28784" flags="393216"/></hp:linesegarray></hp:p><hp:p id="285909300" paraPrIDRef="q0_2" styleIDRef="q0_5" pageBreak="0" columnBreak="0"><hp:run charPrIDRef="q0_2"><hp:equation id="2054088657" zOrder="307" numberingType="EQUATION" textWrap="SQUARE" textFlow="BOTH_SIDES" lock="0" version="Equation Version 60" baseLine="65" textColor="#000000" baseUnit="1100" lineMode="CHAR"><hp:sz width="5944" widthRelTo="ABSOLUTE" height="2580" heightRelTo="ABSOLUTE" protect="0"/><hp:pos treatAsChar="1" affectLSpacing="0" flowWithText="1" allowOverlap="0" holdAnchorAndSO="0" vertRelTo="PARA" horzRelTo="PARA" vertAlign="TOP" horzAlign="LEFT" vertOffset="0" horzOffset="0"/><hp:outMargin left="56" right="56" top="0" bottom="0"/><hp:shapeComment>수식입니다.</hp:shapeComment><hp:script>y= {LEFT | `x` RIGHT | -1} over {LEFT | `x-1` RIGHT |}</hp:script></hp:equation><hp:equation id="2054088658" zOrder="308" numberingType="EQUATION" textWrap="SQUARE" textFlow="BOTH_SIDES" lock="0" version="Equation Version 60" baseLine="65" textColor="#000000" baseUnit="1100" lineMode="CHAR"><hp:sz width="10211" widthRelTo="ABSOLUTE" height="2580" heightRelTo="ABSOLUTE" protect="0"/><hp:pos treatAsChar="1" affectLSpacing="0" flowWithText="1" allowOverlap="0" holdAnchorAndSO="0" vertRelTo="PARA" horzRelTo="PARA" vertAlign="TOP" horzAlign="LEFT" vertOffset="0" horzOffset="0"/><hp:outMargin left="56" right="56" top="0" bottom="0"/><hp:shapeComment>수식입니다.</hp:shapeComment><hp:script>= {-x-1} over {-x+1} = {2} over {x-1} +1</hp:script></hp:equation><hp:t> (</hp:t><hp:equation id="2054088659" zOrder="309" numberingType="EQUATION" textWrap="SQUARE" textFlow="BOTH_SIDES" lock="0" version="Equation Version 60" baseLine="85" textColor="#000000" baseUnit="1100" lineMode="CHAR"><hp:sz width="2487" widthRelTo="ABSOLUTE" height="1125" heightRelTo="ABSOLUTE" protect="0"/><hp:pos treatAsChar="1" affectLSpacing="0" flowWithText="1" allowOverlap="0" holdAnchorAndSO="0" vertRelTo="PARA" horzRelTo="PARA" vertAlign="TOP" horzAlign="LEFT" vertOffset="0" horzOffset="0"/><hp:outMargin left="56" right="56" top="0" bottom="0"/><hp:shapeComment>수식입니다.</hp:shapeComment><hp:script>x&lt;0</hp:script></hp:equation><hp:t>)</hp:t></hp:run><hp:linesegarray><hp:lineseg textpos="0" vertpos="6762" vertsize="2580" textheight="2580" baseline="1677" spacing="516" horzpos="500" horzsize="28784" flags="393216"/></hp:linesegarray></hp:p><hp:p id="38542132" paraPrIDRef="q0_2" styleIDRef="q0_5" pageBreak="0" columnBreak="0"><hp:run charPrIDRef="q0_2"><hp:equation id="2054088660" zOrder="539" numberingType="EQUATION" textWrap="SQUARE" textFlow="BOTH_SIDES" lock="0" version="Equation Version 60" baseLine="85" textColor="#000000" baseUnit="1100" lineMode="CHAR"><hp:sz width="1202" widthRelTo="ABSOLUTE" height="1125" heightRelTo="ABSOLUTE" protect="0"/><hp:pos treatAsChar="1" affectLSpacing="0" flowWithText="1" allowOverlap="0" holdAnchorAndSO="0" vertRelTo="PARA" horzRelTo="PARA" vertAlign="TOP" horzAlign="LEFT" vertOffset="0" horzOffset="0"/><hp:outMargin left="56" right="56" top="0" bottom="0"/><hp:shapeComment>수식입니다.</hp:shapeComment><hp:script>ii)</hp:script></hp:equation><hp:t> </hp:t><hp:equation id="2054088661" zOrder="310" numberingType="EQUATION" textWrap="SQUARE" textFlow="BOTH_SIDES" lock="0" version="Equation Version 60" baseLine="85" textColor="#000000" baseUnit="1100" lineMode="CHAR"><hp:sz width="4524" widthRelTo="ABSOLUTE" height="1125" heightRelTo="ABSOLUTE" protect="0"/><hp:pos treatAsChar="1" affectLSpacing="0" flowWithText="1" allowOverlap="0" holdAnchorAndSO="0" vertRelTo="PARA" horzRelTo="PARA" vertAlign="TOP" horzAlign="LEFT" vertOffset="0" horzOffset="0"/><hp:outMargin left="56" right="56" top="0" bottom="0"/><hp:shapeComment>수식입니다.</hp:shapeComment><hp:script>0le{x&lt;1</hp:script></hp:equation><hp:t/></hp:run><hp:linesegarray><hp:lineseg textpos="0" vertpos="10858" vertsize="1150" textheight="1150" baseline="978" spacing="516" horzpos="500" horzsize="28784" flags="393216"/></hp:linesegarray></hp:p><hp:p id="1349549441" paraPrIDRef="q0_2" styleIDRef="q0_5" pageBreak="0" columnBreak="0"><hp:run charPrIDRef="q0_2"><hp:equation id="2054088662" zOrder="311" numberingType="EQUATION" textWrap="SQUARE" textFlow="BOTH_SIDES" lock="0" version="Equation Version 60" baseLine="65" textColor="#000000" baseUnit="1100" lineMode="CHAR"><hp:sz width="5944" widthRelTo="ABSOLUTE" height="2580" heightRelTo="ABSOLUTE" protect="0"/><hp:pos treatAsChar="1" affectLSpacing="0" flowWithText="1" allowOverlap="0" holdAnchorAndSO="0" vertRelTo="PARA" horzRelTo="PARA" vertAlign="TOP" horzAlign="LEFT" vertOffset="0" horzOffset="0"/><hp:outMargin left="56" right="56" top="0" bottom="0"/><hp:shapeComment>수식입니다.</hp:shapeComment><hp:script>y= {LEFT | `x` RIGHT | -1} over {LEFT | `x-1` RIGHT |}</hp:script></hp:equation><hp:equation id="2054088663" zOrder="312" numberingType="EQUATION" textWrap="SQUARE" textFlow="BOTH_SIDES" lock="0" version="Equation Version 60" baseLine="65" textColor="#000000" baseUnit="1100" lineMode="CHAR"><hp:sz width="5593" widthRelTo="ABSOLUTE" height="2580" heightRelTo="ABSOLUTE" protect="0"/><hp:pos treatAsChar="1" affectLSpacing="0" flowWithText="1" allowOverlap="0" holdAnchorAndSO="0" vertRelTo="PARA" horzRelTo="PARA" vertAlign="TOP" horzAlign="LEFT" vertOffset="0" horzOffset="0"/><hp:outMargin left="56" right="56" top="0" bottom="0"/><hp:shapeComment>수식입니다.</hp:shapeComment><hp:script>= {x-1} over {- LEFT ( x-1 RIGHT )}</hp:script></hp:equation><hp:equation id="2054088664" zOrder="313" numberingType="EQUATION" textWrap="SQUARE" textFlow="BOTH_SIDES" lock="0" version="Equation Version 60" baseLine="85" textColor="#000000" baseUnit="1100" lineMode="CHAR"><hp:sz width="2560" widthRelTo="ABSOLUTE" height="1125" heightRelTo="ABSOLUTE" protect="0"/><hp:pos treatAsChar="1" affectLSpacing="0" flowWithText="1" allowOverlap="0" holdAnchorAndSO="0" vertRelTo="PARA" horzRelTo="PARA" vertAlign="TOP" horzAlign="LEFT" vertOffset="0" horzOffset="0"/><hp:outMargin left="56" right="56" top="0" bottom="0"/><hp:shapeComment>수식입니다.</hp:shapeComment><hp:script>=it-1</hp:script></hp:equation><hp:t> (</hp:t><hp:equation id="2054088665" zOrder="314" numberingType="EQUATION" textWrap="SQUARE" textFlow="BOTH_SIDES" lock="0" version="Equation Version 60" baseLine="85" textColor="#000000" baseUnit="1100" lineMode="CHAR"><hp:sz width="4524" widthRelTo="ABSOLUTE" height="1125" heightRelTo="ABSOLUTE" protect="0"/><hp:pos treatAsChar="1" affectLSpacing="0" flowWithText="1" allowOverlap="0" holdAnchorAndSO="0" vertRelTo="PARA" horzRelTo="PARA" vertAlign="TOP" horzAlign="LEFT" vertOffset="0" horzOffset="0"/><hp:outMargin left="56" right="56" top="0" bottom="0"/><hp:shapeComment>수식입니다.</hp:shapeComment><hp:script>0le{x&lt;1</hp:script></hp:equation><hp:t>)</hp:t></hp:run><hp:linesegarray><hp:lineseg textpos="0" vertpos="13524" vertsize="2580" textheight="2580" baseline="1677" spacing="516" horzpos="500" horzsize="28784" flags="393216"/></hp:linesegarray></hp:p><hp:p id="1038325467" paraPrIDRef="q0_2" styleIDRef="q0_5" pageBreak="0" columnBreak="0"><hp:run charPrIDRef="q0_2"><hp:equation id="2054088666" zOrder="540" numberingType="EQUATION" textWrap="SQUARE" textFlow="BOTH_SIDES" lock="0" version="Equation Version 60" baseLine="85" textColor="#000000" baseUnit="1100" lineMode="CHAR"><hp:sz width="1577" widthRelTo="ABSOLUTE" height="1125" heightRelTo="ABSOLUTE" protect="0"/><hp:pos treatAsChar="1" affectLSpacing="0" flowWithText="1" allowOverlap="0" holdAnchorAndSO="0" vertRelTo="PARA" horzRelTo="PARA" vertAlign="TOP" horzAlign="LEFT" vertOffset="0" horzOffset="0"/><hp:outMargin left="56" right="56" top="0" bottom="0"/><hp:shapeComment>수식입니다.</hp:shapeComment><hp:script>iii)</hp:script></hp:equation><hp:t> </hp:t><hp:equation id="2054088667" zOrder="315" numberingType="EQUATION" textWrap="SQUARE" textFlow="BOTH_SIDES" lock="0" version="Equation Version 60" baseLine="85" textColor="#000000" baseUnit="1100" lineMode="CHAR"><hp:sz width="2637" widthRelTo="ABSOLUTE" height="1125" heightRelTo="ABSOLUTE" protect="0"/><hp:pos treatAsChar="1" affectLSpacing="0" flowWithText="1" allowOverlap="0" holdAnchorAndSO="0" vertRelTo="PARA" horzRelTo="PARA" vertAlign="TOP" horzAlign="LEFT" vertOffset="0" horzOffset="0"/><hp:outMargin left="56" right="56" top="0" bottom="0"/><hp:shapeComment>수식입니다.</hp:shapeComment><hp:script>1le{x</hp:script></hp:equation><hp:t/></hp:run><hp:linesegarray><hp:lineseg textpos="0" vertpos="0" vertsize="1150" textheight="1150" baseline="978" spacing="516" horzpos="500" horzsize="28784" flags="393216"/></hp:linesegarray></hp:p><hp:p id="115580886" paraPrIDRef="q0_2" styleIDRef="q0_5" pageBreak="0" columnBreak="0"><hp:run charPrIDRef="q0_2"><hp:equation id="2054088668" zOrder="316" numberingType="EQUATION" textWrap="SQUARE" textFlow="BOTH_SIDES" lock="0" version="Equation Version 60" baseLine="65" textColor="#000000" baseUnit="1100" lineMode="CHAR"><hp:sz width="5944" widthRelTo="ABSOLUTE" height="2580" heightRelTo="ABSOLUTE" protect="0"/><hp:pos treatAsChar="1" affectLSpacing="0" flowWithText="1" allowOverlap="0" holdAnchorAndSO="0" vertRelTo="PARA" horzRelTo="PARA" vertAlign="TOP" horzAlign="LEFT" vertOffset="0" horzOffset="0"/><hp:outMargin left="56" right="56" top="0" bottom="0"/><hp:shapeComment>수식입니다.</hp:shapeComment><hp:script>y= {LEFT | `x` RIGHT | -1} over {LEFT | `x-1` RIGHT |}</hp:script></hp:equation><hp:equation id="2054088669" zOrder="317" numberingType="EQUATION" textWrap="SQUARE" textFlow="BOTH_SIDES" lock="0" version="Equation Version 60" baseLine="65" textColor="#000000" baseUnit="1100" lineMode="CHAR"><hp:sz width="5445" widthRelTo="ABSOLUTE" height="2580" heightRelTo="ABSOLUTE" protect="0"/><hp:pos treatAsChar="1" affectLSpacing="0" flowWithText="1" allowOverlap="0" holdAnchorAndSO="0" vertRelTo="PARA" horzRelTo="PARA" vertAlign="TOP" horzAlign="LEFT" vertOffset="0" horzOffset="0"/><hp:outMargin left="56" right="56" top="0" bottom="0"/><hp:shapeComment>수식입니다.</hp:shapeComment><hp:script>= {x-1} over {x-1} =1</hp:script></hp:equation><hp:t> (</hp:t><hp:equation id="2054088670" zOrder="318" numberingType="EQUATION" textWrap="SQUARE" textFlow="BOTH_SIDES" lock="0" version="Equation Version 60" baseLine="85" textColor="#000000" baseUnit="1100" lineMode="CHAR"><hp:sz width="2637" widthRelTo="ABSOLUTE" height="1125" heightRelTo="ABSOLUTE" protect="0"/><hp:pos treatAsChar="1" affectLSpacing="0" flowWithText="1" allowOverlap="0" holdAnchorAndSO="0" vertRelTo="PARA" horzRelTo="PARA" vertAlign="TOP" horzAlign="LEFT" vertOffset="0" horzOffset="0"/><hp:outMargin left="56" right="56" top="0" bottom="0"/><hp:shapeComment>수식입니다.</hp:shapeComment><hp:script>1le{x</hp:script></hp:equation><hp:t>)</hp:t></hp:run><hp:linesegarray><hp:lineseg textpos="0" vertpos="2666" vertsize="2580" textheight="2580" baseline="1677" spacing="516" horzpos="500" horzsize="28784" flags="393216"/></hp:linesegarray></hp:p><hp:p id="147029606" paraPrIDRef="q0_2" styleIDRef="q0_5" pageBreak="0" columnBreak="0"><hp:run charPrIDRef="q0_2"><hp:equation id="2054088671" zOrder="319" numberingType="EQUATION" textWrap="SQUARE" textFlow="BOTH_SIDES" lock="0" version="Equation Version 60" baseLine="65" textColor="#000000" baseUnit="1100" lineMode="CHAR"><hp:sz width="5944" widthRelTo="ABSOLUTE" height="2580" heightRelTo="ABSOLUTE" protect="0"/><hp:pos treatAsChar="1" affectLSpacing="0" flowWithText="1" allowOverlap="0" holdAnchorAndSO="0" vertRelTo="PARA" horzRelTo="PARA" vertAlign="TOP" horzAlign="LEFT" vertOffset="0" horzOffset="0"/><hp:outMargin left="56" right="56" top="0" bottom="0"/><hp:shapeComment>수식입니다.</hp:shapeComment><hp:script>y= {LEFT | `x` RIGHT | -1} over {LEFT | `x-1` RIGHT |}</hp:script></hp:equation><hp:t>의 그래프와 </hp:t><hp:equation id="2054088672" zOrder="320" numberingType="EQUATION" textWrap="SQUARE" textFlow="BOTH_SIDES" lock="0" version="Equation Version 60" baseLine="85" textColor="#000000" baseUnit="1100" lineMode="CHAR"><hp:sz width="3312" widthRelTo="ABSOLUTE" height="1125" heightRelTo="ABSOLUTE" protect="0"/><hp:pos treatAsChar="1" affectLSpacing="0" flowWithText="1" allowOverlap="0" holdAnchorAndSO="0" vertRelTo="PARA" horzRelTo="PARA" vertAlign="TOP" horzAlign="LEFT" vertOffset="0" horzOffset="0"/><hp:outMargin left="56" right="56" top="0" bottom="0"/><hp:shapeComment>수식입니다.</hp:shapeComment><hp:script>y=mx</hp:script></hp:equation><hp:t>의 그래프가 만나지 않는 경우는</hp:t></hp:run><hp:linesegarray><hp:lineseg textpos="0" vertpos="6762" vertsize="2580" textheight="2580" baseline="1677" spacing="516" horzpos="500" horzsize="28784" flags="393216"/><hp:lineseg textpos="37" vertpos="9858" vertsize="1150" textheight="1150" baseline="978" spacing="516" horzpos="500" horzsize="28784" flags="1441792"/></hp:linesegarray></hp:p><hp:p id="236349695" paraPrIDRef="q0_2" styleIDRef="q0_5" pageBreak="0" columnBreak="0"><hp:run charPrIDRef="q0_2"><hp:pic id="2054088673" zOrder="333" numberingType="PICTURE" textWrap="SQUARE" textFlow="BOTH_SIDES" lock="0" groupLevel="0" instid="980346850" reverse="0"><hp:offset x="0" y="0"/><hp:orgSz width="18660" height="14460"/><hp:curSz width="0" height="0"/><hp:flip horizontal="0" vertical="0"/><hp:rotationInfo angle="0" centerX="9330" centerY="7230"/><hp:renderingInfo><hc:transMatrix e1="1" e2="0" e3="0" e4="0" e5="1" e6="0"/><hc:scaMatrix e1="1" e2="0" e3="0" e4="0" e5="1" e6="0"/><hc:rotMatrix e1="1" e2="0" e3="0" e4="0" e5="1" e6="0"/></hp:renderingInfo><hp:imgRect><hc:pt0 x="0" y="0"/><hc:pt1 x="18660" y="0"/><hc:pt2 x="18660" y="14460"/><hc:pt3 x="0" y="14460"/></hp:imgRect><hp:imgClip left="0" right="0" top="55980" bottom="43440"/><hp:inMargin left="0" right="0" top="0" bottom="0"/><hc:img binaryItemIDRef="q0_image5" bright="0" contrast="0" effect="REAL_PIC" alpha="0"/><hp:effects/><hp:sz width="18660" widthRelTo="ABSOLUTE" height="14460" heightRelTo="ABSOLUTE" protect="0"/><hp:pos treatAsChar="1" affectLSpacing="0" flowWithText="1" allowOverlap="0" holdAnchorAndSO="0" vertRelTo="PARA" horzRelTo="COLUMN" vertAlign="TOP" horzAlign="LEFT" vertOffset="0" horzOffset="0"/><hp:outMargin left="0" right="0" top="0" bottom="0"/><hp:shapeComment>그림입니다.
원본 그림의 이름: 자산 298.jpg
원본 그림의 크기: 가로 746pixel, 세로 579pixel</hp:shapeComment></hp:pic><hp:t/></hp:run><hp:linesegarray><hp:lineseg textpos="0" vertpos="12524" vertsize="14460" textheight="14460" baseline="12291" spacing="516" horzpos="500" horzsize="28784" flags="393216"/></hp:linesegarray></hp:p><hp:p id="1799020501" paraPrIDRef="q0_2" styleIDRef="q0_5" pageBreak="0" columnBreak="0"><hp:run charPrIDRef="q0_2"><hp:t>(가) </hp:t><hp:equation id="2054088675" zOrder="322" numberingType="EQUATION" textWrap="SQUARE" textFlow="BOTH_SIDES" lock="0" version="Equation Version 60" baseLine="85" textColor="#000000" baseUnit="1100" lineMode="CHAR"><hp:sz width="3916" widthRelTo="ABSOLUTE" height="1125" heightRelTo="ABSOLUTE" protect="0"/><hp:pos treatAsChar="1" affectLSpacing="0" flowWithText="1" allowOverlap="0" holdAnchorAndSO="0" vertRelTo="PARA" horzRelTo="PARA" vertAlign="TOP" horzAlign="LEFT" vertOffset="0" horzOffset="0"/><hp:outMargin left="56" right="56" top="0" bottom="0"/><hp:shapeComment>수식입니다.</hp:shapeComment><hp:script>-1le{m{</hp:script></hp:equation><hp:t>이고</hp:t></hp:run><hp:linesegarray><hp:lineseg textpos="0" vertpos="28500" vertsize="1150" textheight="1150" baseline="978" spacing="516" horzpos="500" horzsize="28784" flags="393216"/></hp:linesegarray></hp:p><hp:p id="1878355470" paraPrIDRef="q0_2" styleIDRef="q0_5" pageBreak="0" columnBreak="0"><hp:run charPrIDRef="q0_2"><hp:t>(나) </hp:t><hp:equation id="2054088676" zOrder="323" numberingType="EQUATION" textWrap="SQUARE" textFlow="BOTH_SIDES" lock="0" version="Equation Version 60" baseLine="65" textColor="#000000" baseUnit="1100" lineMode="CHAR"><hp:sz width="6124" widthRelTo="ABSOLUTE" height="2580" heightRelTo="ABSOLUTE" protect="0"/><hp:pos treatAsChar="1" affectLSpacing="0" flowWithText="1" allowOverlap="0" holdAnchorAndSO="0" vertRelTo="PARA" horzRelTo="PARA" vertAlign="TOP" horzAlign="LEFT" vertOffset="0" horzOffset="0"/><hp:outMargin left="56" right="56" top="0" bottom="0"/><hp:shapeComment>수식입니다.</hp:shapeComment><hp:script>y= {2} over {x-1} +1</hp:script></hp:equation><hp:t> </hp:t><hp:equation id="2054088677" zOrder="324" numberingType="EQUATION" textWrap="SQUARE" textFlow="BOTH_SIDES" lock="0" version="Equation Version 60" baseLine="85" textColor="#000000" baseUnit="1100" lineMode="CHAR"><hp:sz width="3237" widthRelTo="ABSOLUTE" height="1125" heightRelTo="ABSOLUTE" protect="0"/><hp:pos treatAsChar="1" affectLSpacing="0" flowWithText="1" allowOverlap="0" holdAnchorAndSO="0" vertRelTo="PARA" horzRelTo="PARA" vertAlign="TOP" horzAlign="LEFT" vertOffset="0" horzOffset="0"/><hp:outMargin left="56" right="56" top="0" bottom="0"/><hp:shapeComment>수식입니다.</hp:shapeComment><hp:script>LEFT ( x&lt;0 RIGHT )</hp:script></hp:equation><hp:t>과 만나지 않는 경우이므로</hp:t></hp:run><hp:linesegarray><hp:lineseg textpos="0" vertpos="31166" vertsize="2580" textheight="2580" baseline="1677" spacing="516" horzpos="500" horzsize="28784" flags="393216"/></hp:linesegarray></hp:p><hp:p id="1047778161" paraPrIDRef="q0_2" styleIDRef="q0_5" pageBreak="0" columnBreak="0"><hp:run charPrIDRef="q0_2"><hp:equation id="2054088678" zOrder="325" numberingType="EQUATION" textWrap="SQUARE" textFlow="BOTH_SIDES" lock="0" version="Equation Version 60" baseLine="65" textColor="#000000" baseUnit="1100" lineMode="CHAR"><hp:sz width="7099" widthRelTo="ABSOLUTE" height="2580" heightRelTo="ABSOLUTE" protect="0"/><hp:pos treatAsChar="1" affectLSpacing="0" flowWithText="1" allowOverlap="0" holdAnchorAndSO="0" vertRelTo="PARA" horzRelTo="PARA" vertAlign="TOP" horzAlign="LEFT" vertOffset="0" horzOffset="0"/><hp:outMargin left="56" right="56" top="0" bottom="0"/><hp:shapeComment>수식입니다.</hp:shapeComment><hp:script>{2} over {x-1} +1=mx</hp:script></hp:equation><hp:t>, </hp:t><hp:equation id="2054088679" zOrder="326" numberingType="EQUATION" textWrap="SQUARE" textFlow="BOTH_SIDES" lock="0" version="Equation Version 60" baseLine="87" textColor="#000000" baseUnit="1100" lineMode="CHAR"><hp:sz width="10452" widthRelTo="ABSOLUTE" height="1313" heightRelTo="ABSOLUTE" protect="0"/><hp:pos treatAsChar="1" affectLSpacing="0" flowWithText="1" allowOverlap="0" holdAnchorAndSO="0" vertRelTo="PARA" horzRelTo="PARA" vertAlign="TOP" horzAlign="LEFT" vertOffset="0" horzOffset="0"/><hp:outMargin left="56" right="56" top="0" bottom="0"/><hp:shapeComment>수식입니다.</hp:shapeComment><hp:script>mx ^{2} - LEFT ( m+1 RIGHT ) x-1=0</hp:script></hp:equation><hp:t/></hp:run><hp:linesegarray><hp:lineseg textpos="0" vertpos="35262" vertsize="2580" textheight="2580" baseline="1677" spacing="516" horzpos="500" horzsize="28784" flags="393216"/></hp:linesegarray></hp:p><hp:p id="1906806329" paraPrIDRef="q0_2" styleIDRef="q0_5" pageBreak="0" columnBreak="0"><hp:run charPrIDRef="q0_2"><hp:t>판별식 </hp:t><hp:equation id="2054088680" zOrder="327" numberingType="EQUATION" textWrap="SQUARE" textFlow="BOTH_SIDES" lock="0" version="Equation Version 60" baseLine="85" textColor="#000000" baseUnit="1100" lineMode="CHAR"><hp:sz width="2712" widthRelTo="ABSOLUTE" height="1125" heightRelTo="ABSOLUTE" protect="0"/><hp:pos treatAsChar="1" affectLSpacing="0" flowWithText="1" allowOverlap="0" holdAnchorAndSO="0" vertRelTo="PARA" horzRelTo="PARA" vertAlign="TOP" horzAlign="LEFT" vertOffset="0" horzOffset="0"/><hp:outMargin left="56" right="56" top="0" bottom="0"/><hp:shapeComment>수식입니다.</hp:shapeComment><hp:script>D&lt;0</hp:script></hp:equation><hp:t>이어야 하므로</hp:t></hp:run><hp:linesegarray><hp:lineseg textpos="0" vertpos="39358" vertsize="1150" textheight="1150" baseline="978" spacing="516" horzpos="500" horzsize="28784" flags="393216"/></hp:linesegarray></hp:p><hp:p id="840851704" paraPrIDRef="q0_2" styleIDRef="q0_5" pageBreak="0" columnBreak="0"><hp:run charPrIDRef="q0_2"><hp:equation id="2054088681" zOrder="328" numberingType="EQUATION" textWrap="SQUARE" textFlow="BOTH_SIDES" lock="0" version="Equation Version 60" baseLine="87" textColor="#000000" baseUnit="1100" lineMode="CHAR"><hp:sz width="17150" widthRelTo="ABSOLUTE" height="1313" heightRelTo="ABSOLUTE" protect="0"/><hp:pos treatAsChar="1" affectLSpacing="0" flowWithText="1" allowOverlap="0" holdAnchorAndSO="0" vertRelTo="PARA" horzRelTo="PARA" vertAlign="TOP" horzAlign="LEFT" vertOffset="0" horzOffset="0"/><hp:outMargin left="56" right="56" top="0" bottom="0"/><hp:shapeComment>수식입니다.</hp:shapeComment><hp:script>D= LEFT ( m+1 RIGHT ) ^{2} +4m=m ^{2} +6m+1&lt;0</hp:script></hp:equation><hp:t/></hp:run><hp:linesegarray><hp:lineseg textpos="0" vertpos="42024" vertsize="1313" textheight="1313" baseline="1142" spacing="516" horzpos="500" horzsize="28784" flags="393216"/></hp:linesegarray></hp:p><hp:p id="1699543111" paraPrIDRef="q0_2" styleIDRef="q0_5" pageBreak="0" columnBreak="0"><hp:run charPrIDRef="q0_2"><hp:equation id="2054088682" zOrder="329" numberingType="EQUATION" textWrap="SQUARE" textFlow="BOTH_SIDES" lock="0" version="Equation Version 60" baseLine="87" textColor="#000000" baseUnit="1100" lineMode="CHAR"><hp:sz width="7219" widthRelTo="ABSOLUTE" height="1290" heightRelTo="ABSOLUTE" protect="0"/><hp:pos treatAsChar="1" affectLSpacing="0" flowWithText="1" allowOverlap="0" holdAnchorAndSO="0" vertRelTo="PARA" horzRelTo="PARA" vertAlign="TOP" horzAlign="LEFT" vertOffset="0" horzOffset="0"/><hp:outMargin left="56" right="56" top="0" bottom="0"/><hp:shapeComment>수식입니다.</hp:shapeComment><hp:script>m&lt;it-3+2 sqrt {2}</hp:script></hp:equation><hp:t/></hp:run><hp:linesegarray><hp:lineseg textpos="0" vertpos="44853" vertsize="1290" textheight="1290" baseline="1122" spacing="516" horzpos="500" horzsize="28784" flags="393216"/></hp:linesegarray></hp:p><hp:p id="293175435" paraPrIDRef="q0_2" styleIDRef="q0_5" pageBreak="0" columnBreak="0"><hp:run charPrIDRef="q0_2"><hp:t>(가), (나)에 의하여</hp:t></hp:run><hp:linesegarray><hp:lineseg textpos="0" vertpos="47659" vertsize="1150" textheight="1150" baseline="978" spacing="516" horzpos="500" horzsize="28784" flags="393216"/></hp:linesegarray></hp:p><hp:p id="755892655" paraPrIDRef="q0_2" styleIDRef="q0_5" pageBreak="0" columnBreak="0"><hp:run charPrIDRef="q0_2"><hp:equation id="2054088683" zOrder="330" numberingType="EQUATION" textWrap="SQUARE" textFlow="BOTH_SIDES" lock="0" version="Equation Version 60" baseLine="85" textColor="#000000" baseUnit="1100" lineMode="CHAR"><hp:sz width="1600" widthRelTo="ABSOLUTE" height="1125" heightRelTo="ABSOLUTE" protect="0"/><hp:pos treatAsChar="1" affectLSpacing="0" flowWithText="1" allowOverlap="0" holdAnchorAndSO="0" vertRelTo="PARA" horzRelTo="PARA" vertAlign="TOP" horzAlign="LEFT" vertOffset="0" horzOffset="0"/><hp:outMargin left="56" right="56" top="0" bottom="0"/><hp:shapeComment>수식입니다.</hp:shapeComment><hp:script>therefore~</hp:script></hp:equation><hp:equation id="2054088684" zOrder="331" numberingType="EQUATION" textWrap="SQUARE" textFlow="BOTH_SIDES" lock="0" version="Equation Version 60" baseLine="87" textColor="#000000" baseUnit="1100" lineMode="CHAR"><hp:sz width="10235" widthRelTo="ABSOLUTE" height="1290" heightRelTo="ABSOLUTE" protect="0"/><hp:pos treatAsChar="1" affectLSpacing="0" flowWithText="1" allowOverlap="0" holdAnchorAndSO="0" vertRelTo="PARA" horzRelTo="PARA" vertAlign="TOP" horzAlign="LEFT" vertOffset="0" horzOffset="0"/><hp:outMargin left="56" right="56" top="0" bottom="0"/><hp:shapeComment>수식입니다.</hp:shapeComment><hp:script>-1le{m&lt;it-3+2 sqrt {2}</hp:script></hp:equation><hp:t/></hp:run><hp:linesegarray><hp:lineseg textpos="0" vertpos="50325" vertsize="1290" textheight="1290" baseline="1122" spacing="516" horzpos="500" horzsize="28784" flags="393216"/></hp:linesegarray></hp:p></hp:subList><hp:cellAddr colAddr="0" rowAddr="0"/><hp:cellSpan colSpan="1" rowSpan="1"/><hp:cellSz width="29852" height="0"/><hp:cellMargin left="283" right="283" top="141" bottom="283"/></hp:tc></hp:tr></hp:tbl><hp:t/></hp:run><hp:linesegarray><hp:lineseg textpos="0" vertpos="2650" vertsize="1000" textheight="1000" baseline="850" spacing="600" horzpos="0" horzsize="0" flags="393216"/></hp:linesegarray></hp:p></hp:subList></hp:endNote></hp:ctrl></hp:run><hp:run charPrIDRef="q0_4"><hp:t>두 그래프 </hp:t><hp:equation id="2054088685" zOrder="332" numberingType="EQUATION" textWrap="SQUARE" textFlow="BOTH_SIDES" lock="0" version="Equation Version 60" baseLine="85" textColor="#000000" baseUnit="1100" lineMode="CHAR"><hp:sz width="3312" widthRelTo="ABSOLUTE" height="1125" heightRelTo="ABSOLUTE" protect="0"/><hp:pos treatAsChar="1" affectLSpacing="0" flowWithText="1" allowOverlap="0" holdAnchorAndSO="0" vertRelTo="PARA" horzRelTo="PARA" vertAlign="TOP" horzAlign="LEFT" vertOffset="0" horzOffset="0"/><hp:outMargin left="56" right="56" top="0" bottom="0"/><hp:shapeComment>수식입니다.</hp:shapeComment><hp:script>y=mx</hp:script></hp:equation><hp:t>, </hp:t><hp:equation id="2054088686" zOrder="321" numberingType="EQUATION" textWrap="SQUARE" textFlow="BOTH_SIDES" lock="0" version="Equation Version 60" baseLine="65" textColor="#000000" baseUnit="1100" lineMode="CHAR"><hp:sz width="5944" widthRelTo="ABSOLUTE" height="2580" heightRelTo="ABSOLUTE" protect="0"/><hp:pos treatAsChar="1" affectLSpacing="0" flowWithText="1" allowOverlap="0" holdAnchorAndSO="0" vertRelTo="PARA" horzRelTo="PARA" vertAlign="TOP" horzAlign="LEFT" vertOffset="0" horzOffset="0"/><hp:outMargin left="56" right="56" top="0" bottom="0"/><hp:shapeComment>수식입니다.</hp:shapeComment><hp:script>y= {LEFT | `x` RIGHT | -1} over {LEFT | `x-1` RIGHT |}</hp:script></hp:equation><hp:t>이 서로 만나지 않도록 하는 상수 </hp:t><hp:equation id="2054088687" zOrder="295" numberingType="EQUATION" textWrap="SQUARE" textFlow="BOTH_SIDES" lock="0" version="Equation Version 60" baseLine="85" textColor="#000000" baseUnit="1100" lineMode="CHAR"><hp:sz width="900" widthRelTo="ABSOLUTE" height="1125" heightRelTo="ABSOLUTE" protect="0"/><hp:pos treatAsChar="1" affectLSpacing="0" flowWithText="1" allowOverlap="0" holdAnchorAndSO="0" vertRelTo="PARA" horzRelTo="PARA" vertAlign="TOP" horzAlign="LEFT" vertOffset="0" horzOffset="0"/><hp:outMargin left="56" right="56" top="0" bottom="0"/><hp:shapeComment>수식입니다.</hp:shapeComment><hp:script>m</hp:script></hp:equation><hp:t>의 범위를 구하시오. [9점]</hp:t></hp:run><hp:linesegarray><hp:lineseg textpos="0" vertpos="0" vertsize="2580" textheight="2580" baseline="1677" spacing="900" horzpos="0" horzsize="30240" flags="2490368"/><hp:lineseg textpos="45" vertpos="3480" vertsize="1150" textheight="1150" baseline="978" spacing="688" horzpos="0" horzsize="30240" flags="1441792"/></hp:linesegarray></hp:p><hp:p id="101829748" paraPrIDRef="q1_5" styleIDRef="q1_1" pageBreak="0" columnBreak="1"><hp:run charPrIDRef="q1_9"><hp:ctrl><hp:endNote><hp:subList textDirection="HORIZONTAL" lineWrap="BREAK" vertAlign="TOP" linkListIDRef="q1_0" linkListNextIDRef="q1_0" textWidth="0" textHeight="0" hasTextRef="q1_0" hasNumRef="q1_0"><hp:p id="1507730399" paraPrIDRef="q1_7" styleIDRef="q1_8" pageBreak="0" columnBreak="0"><hp:run charPrIDRef="q1_8"><hp:ctrl/><hp:t> </hp:t><hp:equation id="2054088630" zOrder="294" numberingType="EQUATION" textWrap="SQUARE" textFlow="BOTH_SIDES" lock="0" version="Equation Version 60" baseLine="65" textColor="#000000" baseUnit="1100" lineMode="CHAR"><hp:sz width="1600" widthRelTo="ABSOLUTE" height="2580" heightRelTo="ABSOLUTE" protect="0"/><hp:pos treatAsChar="1" affectLSpacing="0" flowWithText="1" allowOverlap="0" holdAnchorAndSO="0" vertRelTo="PARA" horzRelTo="PARA" vertAlign="TOP" horzAlign="LEFT" vertOffset="0" horzOffset="0"/><hp:outMargin left="56" right="56" top="0" bottom="0"/><hp:shapeComment>수식입니다.</hp:shapeComment><hp:script>{17} over {4}</hp:script></hp:equation><hp:t/></hp:run><hp:linesegarray><hp:lineseg textpos="0" vertpos="700" vertsize="2580" textheight="2580" baseline="1677" spacing="660" horzpos="1400" horzsize="29640" flags="393216"/></hp:linesegarray></hp:p><hp:p id="561927419" paraPrIDRef="q1_0" styleIDRef="q1_0" pageBreak="0" columnBreak="0"><hp:run charPrIDRef="q1_0"><hp:tbl id="2054088631" zOrder="31" numberingType="TABLE" textWrap="TIGHT" textFlow="BOTH_SIDES" lock="0" pageBreak="NONE" repeatHeader="1" rowCnt="1" colCnt="1" cellSpacing="0" borderFillIDRef="q1_6" noAdjust="0" hasOldAddrInfo="1" invalidFormulas="1" sizeAuto="0"><hp:sz width="29852" widthRelTo="ABSOLUTE" height="30192" heightRelTo="ABSOLUTE" protect="0"/><hp:pos treatAsChar="0" affectLSpacing="0" flowWithText="1" allowOverlap="0" holdAnchorAndSO="0" vertRelTo="PARA" horzRelTo="COLUMN" vertAlign="TOP" horzAlign="LEFT" vertOffset="0" horzOffset="0"/><hp:outMargin left="141" right="141" top="141" bottom="141"/><hp:inMargin left="566" right="566" top="566" bottom="566"/><hp:tr><hp:tc header="0" hasMargin="1" protect="0" editable="0" dirty="0" borderFillIDRef="q1_7"><hp:subList textDirection="HORIZONTAL" lineWrap="BREAK" vertAlign="CENTER" linkListIDRef="q1_0" linkListNextIDRef="q1_0" textWidth="0" textHeight="0" hasTextRef="q1_0" hasNumRef="q1_0"><hp:p id="471031495" paraPrIDRef="q1_2" styleIDRef="q1_5" pageBreak="0" columnBreak="0"><hp:run charPrIDRef="q1_2"><hp:t>#무리함수 #직선위치관계 난2</hp:t></hp:run><hp:linesegarray><hp:lineseg textpos="0" vertpos="0" vertsize="1150" textheight="1150" baseline="978" spacing="516" horzpos="500" horzsize="28784" flags="393216"/></hp:linesegarray></hp:p><hp:p id="678420263" paraPrIDRef="q1_2" styleIDRef="q1_5" pageBreak="0" columnBreak="0"><hp:run charPrIDRef="q1_2"><hp:t>서로 다른 두 점에서 만나려면 직선은</hp:t></hp:run><hp:linesegarray><hp:lineseg textpos="0" vertpos="2666" vertsize="1150" textheight="1150" baseline="978" spacing="516" horzpos="500" horzsize="28784" flags="393216"/></hp:linesegarray></hp:p><hp:p id="1489726419" paraPrIDRef="q1_2" styleIDRef="q1_5" pageBreak="0" columnBreak="0"><hp:run charPrIDRef="q1_2"><hp:equation id="2054088632" zOrder="526" numberingType="EQUATION" textWrap="SQUARE" textFlow="BOTH_SIDES" lock="0" version="Equation Version 60" baseLine="65" textColor="#000000" baseUnit="1100" lineMode="CHAR"><hp:sz width="3868" widthRelTo="ABSOLUTE" height="2580" heightRelTo="ABSOLUTE" protect="0"/><hp:pos treatAsChar="1" affectLSpacing="0" flowWithText="1" allowOverlap="0" holdAnchorAndSO="0" vertRelTo="PARA" horzRelTo="PARA" vertAlign="TOP" horzAlign="LEFT" vertOffset="0" horzOffset="0"/><hp:outMargin left="56" right="56" top="0" bottom="0"/><hp:shapeComment>수식입니다.</hp:shapeComment><hp:script>LEFT ( - {1} over {2} ,`3 RIGHT )</hp:script></hp:equation><hp:t>을 지나야 하거나 </hp:t><hp:equation id="2054088633" zOrder="527" numberingType="EQUATION" textWrap="SQUARE" textFlow="BOTH_SIDES" lock="0" version="Equation Version 60" baseLine="87" textColor="#000000" baseUnit="1100" lineMode="CHAR"><hp:sz width="8348" widthRelTo="ABSOLUTE" height="1290" heightRelTo="ABSOLUTE" protect="0"/><hp:pos treatAsChar="1" affectLSpacing="0" flowWithText="1" allowOverlap="0" holdAnchorAndSO="0" vertRelTo="PARA" horzRelTo="PARA" vertAlign="TOP" horzAlign="LEFT" vertOffset="0" horzOffset="0"/><hp:outMargin left="56" right="56" top="0" bottom="0"/><hp:shapeComment>수식입니다.</hp:shapeComment><hp:script>y= sqrt {-2x-1} +3</hp:script></hp:equation><hp:t>과 접해야 한다.</hp:t></hp:run><hp:linesegarray><hp:lineseg textpos="0" vertpos="5332" vertsize="2580" textheight="2580" baseline="1677" spacing="516" horzpos="500" horzsize="28784" flags="393216"/></hp:linesegarray></hp:p><hp:p id="629798824" paraPrIDRef="q1_2" styleIDRef="q1_5" pageBreak="0" columnBreak="0"><hp:run charPrIDRef="q1_2"><hp:equation id="2054088634" zOrder="528" numberingType="EQUATION" textWrap="SQUARE" textFlow="BOTH_SIDES" lock="0" version="Equation Version 60" baseLine="85" textColor="#000000" baseUnit="1100" lineMode="CHAR"><hp:sz width="827" widthRelTo="ABSOLUTE" height="1125" heightRelTo="ABSOLUTE" protect="0"/><hp:pos treatAsChar="1" affectLSpacing="0" flowWithText="1" allowOverlap="0" holdAnchorAndSO="0" vertRelTo="PARA" horzRelTo="PARA" vertAlign="TOP" horzAlign="LEFT" vertOffset="0" horzOffset="0"/><hp:outMargin left="56" right="56" top="0" bottom="0"/><hp:shapeComment>수식입니다.</hp:shapeComment><hp:script>i)</hp:script></hp:equation><hp:t> </hp:t><hp:equation id="2054088635" zOrder="529" numberingType="EQUATION" textWrap="SQUARE" textFlow="BOTH_SIDES" lock="0" version="Equation Version 60" baseLine="65" textColor="#000000" baseUnit="1100" lineMode="CHAR"><hp:sz width="3868" widthRelTo="ABSOLUTE" height="2580" heightRelTo="ABSOLUTE" protect="0"/><hp:pos treatAsChar="1" affectLSpacing="0" flowWithText="1" allowOverlap="0" holdAnchorAndSO="0" vertRelTo="PARA" horzRelTo="PARA" vertAlign="TOP" horzAlign="LEFT" vertOffset="0" horzOffset="0"/><hp:outMargin left="56" right="56" top="0" bottom="0"/><hp:shapeComment>수식입니다.</hp:shapeComment><hp:script>LEFT ( - {1} over {2} ,`3 RIGHT )</hp:script></hp:equation><hp:t>을 지나는 경우 </hp:t><hp:equation id="2054088636" zOrder="530" numberingType="EQUATION" textWrap="SQUARE" textFlow="BOTH_SIDES" lock="0" version="Equation Version 60" baseLine="85" textColor="#000000" baseUnit="1100" lineMode="CHAR"><hp:sz width="2337" widthRelTo="ABSOLUTE" height="1125" heightRelTo="ABSOLUTE" protect="0"/><hp:pos treatAsChar="1" affectLSpacing="0" flowWithText="1" allowOverlap="0" holdAnchorAndSO="0" vertRelTo="PARA" horzRelTo="PARA" vertAlign="TOP" horzAlign="LEFT" vertOffset="0" horzOffset="0"/><hp:outMargin left="56" right="56" top="0" bottom="0"/><hp:shapeComment>수식입니다.</hp:shapeComment><hp:script>k=2</hp:script></hp:equation><hp:t/></hp:run><hp:linesegarray><hp:lineseg textpos="0" vertpos="9428" vertsize="2580" textheight="2580" baseline="1677" spacing="516" horzpos="500" horzsize="28784" flags="393216"/></hp:linesegarray></hp:p><hp:p id="53207548" paraPrIDRef="q1_2" styleIDRef="q1_5" pageBreak="0" columnBreak="0"><hp:run charPrIDRef="q1_2"><hp:equation id="2054088637" zOrder="531" numberingType="EQUATION" textWrap="SQUARE" textFlow="BOTH_SIDES" lock="0" version="Equation Version 60" baseLine="85" textColor="#000000" baseUnit="1100" lineMode="CHAR"><hp:sz width="1202" widthRelTo="ABSOLUTE" height="1125" heightRelTo="ABSOLUTE" protect="0"/><hp:pos treatAsChar="1" affectLSpacing="0" flowWithText="1" allowOverlap="0" holdAnchorAndSO="0" vertRelTo="PARA" horzRelTo="PARA" vertAlign="TOP" horzAlign="LEFT" vertOffset="0" horzOffset="0"/><hp:outMargin left="56" right="56" top="0" bottom="0"/><hp:shapeComment>수식입니다.</hp:shapeComment><hp:script>ii)</hp:script></hp:equation><hp:t> 접하는 경우</hp:t></hp:run><hp:linesegarray><hp:lineseg textpos="0" vertpos="13524" vertsize="1150" textheight="1150" baseline="978" spacing="516" horzpos="500" horzsize="28784" flags="393216"/></hp:linesegarray></hp:p><hp:p id="1334182093" paraPrIDRef="q1_2" styleIDRef="q1_5" pageBreak="0" columnBreak="0"><hp:run charPrIDRef="q1_2"><hp:equation id="2054088638" zOrder="296" numberingType="EQUATION" textWrap="SQUARE" textFlow="BOTH_SIDES" lock="0" version="Equation Version 60" baseLine="87" textColor="#000000" baseUnit="1100" lineMode="CHAR"><hp:sz width="10906" widthRelTo="ABSOLUTE" height="1290" heightRelTo="ABSOLUTE" protect="0"/><hp:pos treatAsChar="1" affectLSpacing="0" flowWithText="1" allowOverlap="0" holdAnchorAndSO="0" vertRelTo="PARA" horzRelTo="PARA" vertAlign="TOP" horzAlign="LEFT" vertOffset="0" horzOffset="0"/><hp:outMargin left="56" right="56" top="0" bottom="0"/><hp:shapeComment>수식입니다.</hp:shapeComment><hp:script>sqrt {-2x-1} +3=it-2x+</hp:script></hp:equation><hp:equation id="2054088639" zOrder="297" numberingType="EQUATION" textWrap="SQUARE" textFlow="BOTH_SIDES" lock="0" version="Equation Version 60" baseLine="85" textColor="#000000" baseUnit="1100" lineMode="CHAR"><hp:sz width="525" widthRelTo="ABSOLUTE" height="1125" heightRelTo="ABSOLUTE" protect="0"/><hp:pos treatAsChar="1" affectLSpacing="0" flowWithText="1" allowOverlap="0" holdAnchorAndSO="0" vertRelTo="PARA" horzRelTo="PARA" vertAlign="TOP" horzAlign="LEFT" vertOffset="0" horzOffset="0"/><hp:outMargin left="56" right="56" top="0" bottom="0"/><hp:shapeComment>수식입니다.</hp:shapeComment><hp:script>k</hp:script></hp:equation><hp:t/></hp:run><hp:linesegarray><hp:lineseg textpos="0" vertpos="16190" vertsize="1290" textheight="1290" baseline="1122" spacing="516" horzpos="500" horzsize="28784" flags="393216"/></hp:linesegarray></hp:p><hp:p id="2117884765" paraPrIDRef="q1_2" styleIDRef="q1_5" pageBreak="0" columnBreak="0"><hp:run charPrIDRef="q1_2"><hp:equation id="2054088640" zOrder="298" numberingType="EQUATION" textWrap="SQUARE" textFlow="BOTH_SIDES" lock="0" version="Equation Version 60" baseLine="87" textColor="#000000" baseUnit="1100" lineMode="CHAR"><hp:sz width="15553" widthRelTo="ABSOLUTE" height="1313" heightRelTo="ABSOLUTE" protect="0"/><hp:pos treatAsChar="1" affectLSpacing="0" flowWithText="1" allowOverlap="0" holdAnchorAndSO="0" vertRelTo="PARA" horzRelTo="PARA" vertAlign="TOP" horzAlign="LEFT" vertOffset="0" horzOffset="0"/><hp:outMargin left="56" right="56" top="0" bottom="0"/><hp:shapeComment>수식입니다.</hp:shapeComment><hp:script>4x ^{2} -2 LEFT ( 2k-7 RIGHT ) x+ LEFT ( k ^{2} -k+10 RIGHT ) =0</hp:script></hp:equation><hp:t>의 </hp:t><hp:equation id="2054088641" zOrder="532" numberingType="EQUATION" textWrap="SQUARE" textFlow="BOTH_SIDES" lock="0" version="Equation Version 60" baseLine="85" textColor="#000000" baseUnit="1100" lineMode="CHAR"><hp:sz width="2637" widthRelTo="ABSOLUTE" height="1125" heightRelTo="ABSOLUTE" protect="0"/><hp:pos treatAsChar="1" affectLSpacing="0" flowWithText="1" allowOverlap="0" holdAnchorAndSO="0" vertRelTo="PARA" horzRelTo="PARA" vertAlign="TOP" horzAlign="LEFT" vertOffset="0" horzOffset="0"/><hp:outMargin left="56" right="56" top="0" bottom="0"/><hp:shapeComment>수식입니다.</hp:shapeComment><hp:script>D=0</hp:script></hp:equation><hp:t>에서 </hp:t><hp:equation id="2054088642" zOrder="533" numberingType="EQUATION" textWrap="SQUARE" textFlow="BOTH_SIDES" lock="0" version="Equation Version 60" baseLine="65" textColor="#000000" baseUnit="1100" lineMode="CHAR"><hp:sz width="2912" widthRelTo="ABSOLUTE" height="2580" heightRelTo="ABSOLUTE" protect="0"/><hp:pos treatAsChar="1" affectLSpacing="0" flowWithText="1" allowOverlap="0" holdAnchorAndSO="0" vertRelTo="PARA" horzRelTo="PARA" vertAlign="TOP" horzAlign="LEFT" vertOffset="0" horzOffset="0"/><hp:outMargin left="56" right="56" top="0" bottom="0"/><hp:shapeComment>수식입니다.</hp:shapeComment><hp:script>k= {9} over {4}</hp:script></hp:equation><hp:t/></hp:run><hp:linesegarray><hp:lineseg textpos="0" vertpos="18996" vertsize="2580" textheight="2580" baseline="1677" spacing="516" horzpos="500" horzsize="28784" flags="393216"/></hp:linesegarray></hp:p><hp:p id="1751157933" paraPrIDRef="q1_2" styleIDRef="q1_5" pageBreak="0" columnBreak="0"><hp:run charPrIDRef="q1_2"><hp:equation id="2054088643" zOrder="534" numberingType="EQUATION" textWrap="SQUARE" textFlow="BOTH_SIDES" lock="0" version="Equation Version 60" baseLine="85" textColor="#000000" baseUnit="1100" lineMode="CHAR"><hp:sz width="827" widthRelTo="ABSOLUTE" height="1125" heightRelTo="ABSOLUTE" protect="0"/><hp:pos treatAsChar="1" affectLSpacing="0" flowWithText="1" allowOverlap="0" holdAnchorAndSO="0" vertRelTo="PARA" horzRelTo="PARA" vertAlign="TOP" horzAlign="LEFT" vertOffset="0" horzOffset="0"/><hp:outMargin left="56" right="56" top="0" bottom="0"/><hp:shapeComment>수식입니다.</hp:shapeComment><hp:script>i)</hp:script></hp:equation><hp:t>, </hp:t><hp:equation id="2054088644" zOrder="535" numberingType="EQUATION" textWrap="SQUARE" textFlow="BOTH_SIDES" lock="0" version="Equation Version 60" baseLine="85" textColor="#000000" baseUnit="1100" lineMode="CHAR"><hp:sz width="1202" widthRelTo="ABSOLUTE" height="1125" heightRelTo="ABSOLUTE" protect="0"/><hp:pos treatAsChar="1" affectLSpacing="0" flowWithText="1" allowOverlap="0" holdAnchorAndSO="0" vertRelTo="PARA" horzRelTo="PARA" vertAlign="TOP" horzAlign="LEFT" vertOffset="0" horzOffset="0"/><hp:outMargin left="56" right="56" top="0" bottom="0"/><hp:shapeComment>수식입니다.</hp:shapeComment><hp:script>ii)</hp:script></hp:equation><hp:t>에서 </hp:t><hp:equation id="2054088645" zOrder="299" numberingType="EQUATION" textWrap="SQUARE" textFlow="BOTH_SIDES" lock="0" version="Equation Version 60" baseLine="65" textColor="#000000" baseUnit="1100" lineMode="CHAR"><hp:sz width="5414" widthRelTo="ABSOLUTE" height="2580" heightRelTo="ABSOLUTE" protect="0"/><hp:pos treatAsChar="1" affectLSpacing="0" flowWithText="1" allowOverlap="0" holdAnchorAndSO="0" vertRelTo="PARA" horzRelTo="PARA" vertAlign="TOP" horzAlign="LEFT" vertOffset="0" horzOffset="0"/><hp:outMargin left="56" right="56" top="0" bottom="0"/><hp:shapeComment>수식입니다.</hp:shapeComment><hp:script>2+ {9} over {4} = {17} over {4}</hp:script></hp:equation><hp:t/></hp:run><hp:linesegarray><hp:lineseg textpos="0" vertpos="23092" vertsize="2580" textheight="2580" baseline="1677" spacing="516" horzpos="500" horzsize="28784" flags="393216"/></hp:linesegarray></hp:p><hp:p id="342656515" paraPrIDRef="q1_2" styleIDRef="q1_5" pageBreak="0" columnBreak="0"><hp:run charPrIDRef="q1_2"><hp:equation id="2054088646" zOrder="536" numberingType="EQUATION" textWrap="SQUARE" textFlow="BOTH_SIDES" lock="0" version="Equation Version 60" baseLine="85" textColor="#000000" baseUnit="1100" lineMode="CHAR"><hp:sz width="1050" widthRelTo="ABSOLUTE" height="1125" heightRelTo="ABSOLUTE" protect="0"/><hp:pos treatAsChar="1" affectLSpacing="0" flowWithText="1" allowOverlap="0" holdAnchorAndSO="0" vertRelTo="PARA" horzRelTo="PARA" vertAlign="TOP" horzAlign="LEFT" vertOffset="0" horzOffset="0"/><hp:outMargin left="56" right="56" top="0" bottom="0"/><hp:shapeComment>수식입니다.</hp:shapeComment><hp:script xml:space="preserve">THEREFORE </hp:script></hp:equation><hp:t> </hp:t><hp:equation id="2054088647" zOrder="537" numberingType="EQUATION" textWrap="SQUARE" textFlow="BOTH_SIDES" lock="0" version="Equation Version 60" baseLine="65" textColor="#000000" baseUnit="1100" lineMode="CHAR"><hp:sz width="1600" widthRelTo="ABSOLUTE" height="2580" heightRelTo="ABSOLUTE" protect="0"/><hp:pos treatAsChar="1" affectLSpacing="0" flowWithText="1" allowOverlap="0" holdAnchorAndSO="0" vertRelTo="PARA" horzRelTo="PARA" vertAlign="TOP" horzAlign="LEFT" vertOffset="0" horzOffset="0"/><hp:outMargin left="56" right="56" top="0" bottom="0"/><hp:shapeComment>수식입니다.</hp:shapeComment><hp:script>{17} over {4}</hp:script></hp:equation><hp:t/></hp:run><hp:linesegarray><hp:lineseg textpos="0" vertpos="27188" vertsize="2580" textheight="2580" baseline="1677" spacing="516" horzpos="500" horzsize="28784" flags="393216"/></hp:linesegarray></hp:p></hp:subList><hp:cellAddr colAddr="0" rowAddr="0"/><hp:cellSpan colSpan="1" rowSpan="1"/><hp:cellSz width="29852" height="0"/><hp:cellMargin left="283" right="283" top="141" bottom="283"/></hp:tc></hp:tr></hp:tbl><hp:t/></hp:run><hp:linesegarray><hp:lineseg textpos="0" vertpos="3940" vertsize="1000" textheight="1000" baseline="850" spacing="600" horzpos="0" horzsize="0" flags="393216"/></hp:linesegarray></hp:p></hp:subList></hp:endNote></hp:ctrl></hp:run><hp:run charPrIDRef="q1_4"><hp:t>곡선 </hp:t><hp:equation id="2054088648" zOrder="300" numberingType="EQUATION" textWrap="SQUARE" textFlow="BOTH_SIDES" lock="0" version="Equation Version 60" baseLine="87" textColor="#000000" baseUnit="1100" lineMode="CHAR"><hp:sz width="8693" widthRelTo="ABSOLUTE" height="1290" heightRelTo="ABSOLUTE" protect="0"/><hp:pos treatAsChar="1" affectLSpacing="0" flowWithText="1" allowOverlap="0" holdAnchorAndSO="0" vertRelTo="PARA" horzRelTo="PARA" vertAlign="TOP" horzAlign="LEFT" vertOffset="0" horzOffset="0"/><hp:outMargin left="56" right="56" top="0" bottom="0"/><hp:shapeComment>수식입니다.</hp:shapeComment><hp:script>y= sqrt {LEFT | `2x+1` RIGHT |} +3</hp:script></hp:equation><hp:t>과 직선 </hp:t><hp:equation id="2054088649" zOrder="301" numberingType="EQUATION" textWrap="SQUARE" textFlow="BOTH_SIDES" lock="0" version="Equation Version 60" baseLine="85" textColor="#000000" baseUnit="1100" lineMode="CHAR"><hp:sz width="5574" widthRelTo="ABSOLUTE" height="1125" heightRelTo="ABSOLUTE" protect="0"/><hp:pos treatAsChar="1" affectLSpacing="0" flowWithText="1" allowOverlap="0" holdAnchorAndSO="0" vertRelTo="PARA" horzRelTo="PARA" vertAlign="TOP" horzAlign="LEFT" vertOffset="0" horzOffset="0"/><hp:outMargin left="56" right="56" top="0" bottom="0"/><hp:shapeComment>수식입니다.</hp:shapeComment><hp:script>y=it-2x+k</hp:script></hp:equation><hp:t>가 서로 다른 두 점에서 만나도록 하는 모든 실수 </hp:t><hp:equation id="2054088650" zOrder="302" numberingType="EQUATION" textWrap="SQUARE" textFlow="BOTH_SIDES" lock="0" version="Equation Version 60" baseLine="85" textColor="#000000" baseUnit="1100" lineMode="CHAR"><hp:sz width="525" widthRelTo="ABSOLUTE" height="1125" heightRelTo="ABSOLUTE" protect="0"/><hp:pos treatAsChar="1" affectLSpacing="0" flowWithText="1" allowOverlap="0" holdAnchorAndSO="0" vertRelTo="PARA" horzRelTo="PARA" vertAlign="TOP" horzAlign="LEFT" vertOffset="0" horzOffset="0"/><hp:outMargin left="56" right="56" top="0" bottom="0"/><hp:shapeComment>수식입니다.</hp:shapeComment><hp:script>k</hp:script></hp:equation><hp:t>의 값의 합을 구하시오. [7점]</hp:t></hp:run><hp:linesegarray><hp:lineseg textpos="0" vertpos="0" vertsize="1500" textheight="1500" baseline="1275" spacing="900" horzpos="0" horzsize="30240" flags="2490368"/><hp:lineseg textpos="38" vertpos="2400" vertsize="1150" textheight="1150" baseline="978" spacing="688" horzpos="0" horzsize="30240" flags="1441792"/><hp:lineseg textpos="78" vertpos="4238" vertsize="1150" textheight="1150" baseline="978" spacing="688" horzpos="0" horzsize="30240" flags="1441792"/></hp:linesegarray></hp:p><hp:p id="1288838236" paraPrIDRef="q2_5" styleIDRef="q2_1" pageBreak="0" columnBreak="0"><hp:run charPrIDRef="q2_9"><hp:ctrl><hp:endNote><hp:subList textDirection="HORIZONTAL" lineWrap="BREAK" vertAlign="TOP" linkListIDRef="q2_0" linkListNextIDRef="q2_0" textWidth="0" textHeight="0" hasTextRef="q2_0" hasNumRef="q2_0"><hp:p id="635833848" paraPrIDRef="q2_7" styleIDRef="q2_8" pageBreak="0" columnBreak="0"><hp:run charPrIDRef="q2_8"><hp:ctrl/><hp:t> </hp:t><hp:equation id="2054088594" zOrder="271" numberingType="EQUATION" textWrap="SQUARE" textFlow="BOTH_SIDES" lock="0" version="Equation Version 60" baseLine="85" textColor="#000000" baseUnit="1100" lineMode="CHAR"><hp:sz width="525" widthRelTo="ABSOLUTE" height="1125" heightRelTo="ABSOLUTE" protect="0"/><hp:pos treatAsChar="1" affectLSpacing="0" flowWithText="1" allowOverlap="0" holdAnchorAndSO="0" vertRelTo="PARA" horzRelTo="PARA" vertAlign="TOP" horzAlign="LEFT" vertOffset="0" horzOffset="0"/><hp:outMargin left="56" right="56" top="0" bottom="0"/><hp:shapeComment>수식입니다.</hp:shapeComment><hp:script>4</hp:script></hp:equation><hp:t/></hp:run><hp:linesegarray><hp:lineseg textpos="0" vertpos="700" vertsize="1125" textheight="1125" baseline="956" spacing="660" horzpos="1400" horzsize="29640" flags="393216"/></hp:linesegarray></hp:p><hp:p id="1029510564" paraPrIDRef="q2_0" styleIDRef="q2_0" pageBreak="0" columnBreak="0"><hp:run charPrIDRef="q2_0"><hp:tbl id="2054088595" zOrder="30" numberingType="TABLE" textWrap="TIGHT" textFlow="BOTH_SIDES" lock="0" pageBreak="NONE" repeatHeader="1" rowCnt="1" colCnt="1" cellSpacing="0" borderFillIDRef="q2_6" noAdjust="0" hasOldAddrInfo="1" invalidFormulas="1" sizeAuto="0"><hp:sz width="29852" widthRelTo="ABSOLUTE" height="22228" heightRelTo="ABSOLUTE" protect="0"/><hp:pos treatAsChar="0" affectLSpacing="0" flowWithText="1" allowOverlap="0" holdAnchorAndSO="0" vertRelTo="PARA" horzRelTo="COLUMN" vertAlign="TOP" horzAlign="LEFT" vertOffset="0" horzOffset="0"/><hp:outMargin left="141" right="141" top="141" bottom="141"/><hp:inMargin left="566" right="566" top="566" bottom="566"/><hp:tr><hp:tc header="0" hasMargin="1" protect="0" editable="0" dirty="0" borderFillIDRef="q2_7"><hp:subList textDirection="HORIZONTAL" lineWrap="BREAK" vertAlign="CENTER" linkListIDRef="q2_0" linkListNextIDRef="q2_0" textWidth="0" textHeight="0" hasTextRef="q2_0" hasNumRef="q2_0"><hp:p id="1819827682" paraPrIDRef="q2_2" styleIDRef="q2_5" pageBreak="0" columnBreak="0"><hp:run charPrIDRef="q2_2"><hp:t>#역함수존재조건(일대일대응) 난2 #등호하나만 넣으면 꽤 좋을 문항</hp:t></hp:run><hp:linesegarray><hp:lineseg textpos="0" vertpos="0" vertsize="1150" textheight="1150" baseline="978" spacing="516" horzpos="500" horzsize="28784" flags="393216"/><hp:lineseg textpos="32" vertpos="1666" vertsize="1150" textheight="1150" baseline="978" spacing="516" horzpos="500" horzsize="28784" flags="1441792"/></hp:linesegarray></hp:p><hp:p id="1347821565" paraPrIDRef="q2_2" styleIDRef="q2_5" pageBreak="0" columnBreak="0"><hp:run charPrIDRef="q2_2"><hp:t>일대일함수가 되려면 </hp:t><hp:equation id="2054088596" zOrder="515" numberingType="EQUATION" textWrap="SQUARE" textFlow="BOTH_SIDES" lock="0" version="Equation Version 60" baseLine="85" textColor="#000000" baseUnit="1100" lineMode="CHAR"><hp:sz width="3310" widthRelTo="ABSOLUTE" height="1125" heightRelTo="ABSOLUTE" protect="0"/><hp:pos treatAsChar="1" affectLSpacing="0" flowWithText="1" allowOverlap="0" holdAnchorAndSO="0" vertRelTo="PARA" horzRelTo="PARA" vertAlign="TOP" horzAlign="LEFT" vertOffset="0" horzOffset="0"/><hp:outMargin left="56" right="56" top="0" bottom="0"/><hp:shapeComment>수식입니다.</hp:shapeComment><hp:script>p LEQ -1</hp:script></hp:equation><hp:t/></hp:run><hp:linesegarray><hp:lineseg textpos="0" vertpos="4332" vertsize="1150" textheight="1150" baseline="978" spacing="516" horzpos="500" horzsize="28784" flags="393216"/></hp:linesegarray></hp:p><hp:p id="1362990293" paraPrIDRef="q2_2" styleIDRef="q2_5" pageBreak="0" columnBreak="0"><hp:run charPrIDRef="q2_2"><hp:t>이때 </hp:t><hp:equation id="2054088597" zOrder="516" numberingType="EQUATION" textWrap="SQUARE" textFlow="BOTH_SIDES" lock="0" version="Equation Version 60" baseLine="85" textColor="#000000" baseUnit="1100" lineMode="CHAR"><hp:sz width="525" widthRelTo="ABSOLUTE" height="1125" heightRelTo="ABSOLUTE" protect="0"/><hp:pos treatAsChar="1" affectLSpacing="0" flowWithText="1" allowOverlap="0" holdAnchorAndSO="0" vertRelTo="PARA" horzRelTo="PARA" vertAlign="TOP" horzAlign="LEFT" vertOffset="0" horzOffset="0"/><hp:outMargin left="56" right="56" top="0" bottom="0"/><hp:shapeComment>수식입니다.</hp:shapeComment><hp:script>a</hp:script></hp:equation><hp:t>가 최소가 되려면</hp:t></hp:run><hp:linesegarray><hp:lineseg textpos="0" vertpos="6998" vertsize="1150" textheight="1150" baseline="978" spacing="516" horzpos="500" horzsize="28784" flags="393216"/></hp:linesegarray></hp:p><hp:p id="651874124" paraPrIDRef="q2_2" styleIDRef="q2_5" pageBreak="0" columnBreak="0"><hp:run charPrIDRef="q2_2"><hp:equation id="2054088598" zOrder="517" numberingType="EQUATION" textWrap="SQUARE" textFlow="BOTH_SIDES" lock="0" version="Equation Version 60" baseLine="85" textColor="#000000" baseUnit="1100" lineMode="CHAR"><hp:sz width="4520" widthRelTo="ABSOLUTE" height="1125" heightRelTo="ABSOLUTE" protect="0"/><hp:pos treatAsChar="1" affectLSpacing="0" flowWithText="1" allowOverlap="0" holdAnchorAndSO="0" vertRelTo="PARA" horzRelTo="PARA" vertAlign="TOP" horzAlign="LEFT" vertOffset="0" horzOffset="0"/><hp:outMargin left="56" right="56" top="0" bottom="0"/><hp:shapeComment>수식입니다.</hp:shapeComment><hp:script>y=ax+b</hp:script></hp:equation><hp:t>는 </hp:t><hp:equation id="2054088599" zOrder="518" numberingType="EQUATION" textWrap="SQUARE" textFlow="BOTH_SIDES" lock="0" version="Equation Version 60" baseLine="85" textColor="#000000" baseUnit="1100" lineMode="CHAR"><hp:sz width="2314" widthRelTo="ABSOLUTE" height="1125" heightRelTo="ABSOLUTE" protect="0"/><hp:pos treatAsChar="1" affectLSpacing="0" flowWithText="1" allowOverlap="0" holdAnchorAndSO="0" vertRelTo="PARA" horzRelTo="PARA" vertAlign="TOP" horzAlign="LEFT" vertOffset="0" horzOffset="0"/><hp:outMargin left="56" right="56" top="0" bottom="0"/><hp:shapeComment>수식입니다.</hp:shapeComment><hp:script>LEFT ( p,`8 RIGHT )</hp:script></hp:equation><hp:t>, </hp:t><hp:equation id="2054088600" zOrder="519" numberingType="EQUATION" textWrap="SQUARE" textFlow="BOTH_SIDES" lock="0" version="Equation Version 60" baseLine="87" textColor="#000000" baseUnit="1100" lineMode="CHAR"><hp:sz width="7729" widthRelTo="ABSOLUTE" height="1313" heightRelTo="ABSOLUTE" protect="0"/><hp:pos treatAsChar="1" affectLSpacing="0" flowWithText="1" allowOverlap="0" holdAnchorAndSO="0" vertRelTo="PARA" horzRelTo="PARA" vertAlign="TOP" horzAlign="LEFT" vertOffset="0" horzOffset="0"/><hp:outMargin left="56" right="56" top="0" bottom="0"/><hp:shapeComment>수식입니다.</hp:shapeComment><hp:script>LEFT ( 1,`-p  ^{2} -2p-5 RIGHT )</hp:script></hp:equation><hp:t>를 지나야 한다.</hp:t></hp:run><hp:linesegarray><hp:lineseg textpos="0" vertpos="9664" vertsize="1313" textheight="1313" baseline="1142" spacing="516" horzpos="500" horzsize="28784" flags="393216"/></hp:linesegarray></hp:p><hp:p id="1592372812" paraPrIDRef="q2_2" styleIDRef="q2_5" pageBreak="0" columnBreak="0"><hp:run charPrIDRef="q2_2"><hp:t>이때 </hp:t><hp:equation id="2054088601" zOrder="520" numberingType="EQUATION" textWrap="SQUARE" textFlow="BOTH_SIDES" lock="0" version="Equation Version 60" baseLine="85" textColor="#000000" baseUnit="1100" lineMode="CHAR"><hp:sz width="525" widthRelTo="ABSOLUTE" height="1125" heightRelTo="ABSOLUTE" protect="0"/><hp:pos treatAsChar="1" affectLSpacing="0" flowWithText="1" allowOverlap="0" holdAnchorAndSO="0" vertRelTo="PARA" horzRelTo="PARA" vertAlign="TOP" horzAlign="LEFT" vertOffset="0" horzOffset="0"/><hp:outMargin left="56" right="56" top="0" bottom="0"/><hp:shapeComment>수식입니다.</hp:shapeComment><hp:script>p</hp:script></hp:equation><hp:t>가 작아질수록 </hp:t><hp:equation id="2054088602" zOrder="521" numberingType="EQUATION" textWrap="SQUARE" textFlow="BOTH_SIDES" lock="0" version="Equation Version 60" baseLine="87" textColor="#000000" baseUnit="1100" lineMode="CHAR"><hp:sz width="5786" widthRelTo="ABSOLUTE" height="1313" heightRelTo="ABSOLUTE" protect="0"/><hp:pos treatAsChar="1" affectLSpacing="0" flowWithText="1" allowOverlap="0" holdAnchorAndSO="0" vertRelTo="PARA" horzRelTo="PARA" vertAlign="TOP" horzAlign="LEFT" vertOffset="0" horzOffset="0"/><hp:outMargin left="56" right="56" top="0" bottom="0"/><hp:shapeComment>수식입니다.</hp:shapeComment><hp:script>-p  ^{2} -2p-5</hp:script></hp:equation><hp:t>도 작아지며</hp:t></hp:run><hp:linesegarray><hp:lineseg textpos="0" vertpos="12493" vertsize="1313" textheight="1313" baseline="1142" spacing="516" horzpos="500" horzsize="28784" flags="393216"/></hp:linesegarray></hp:p><hp:p id="2086811904" paraPrIDRef="q2_2" styleIDRef="q2_5" pageBreak="0" columnBreak="0"><hp:run charPrIDRef="q2_2"><hp:t>감소양이 훨씬 크기 때문에 최솟값 </hp:t><hp:equation id="2054088603" zOrder="522" numberingType="EQUATION" textWrap="SQUARE" textFlow="BOTH_SIDES" lock="0" version="Equation Version 60" baseLine="85" textColor="#000000" baseUnit="1100" lineMode="CHAR"><hp:sz width="525" widthRelTo="ABSOLUTE" height="1125" heightRelTo="ABSOLUTE" protect="0"/><hp:pos treatAsChar="1" affectLSpacing="0" flowWithText="1" allowOverlap="0" holdAnchorAndSO="0" vertRelTo="PARA" horzRelTo="PARA" vertAlign="TOP" horzAlign="LEFT" vertOffset="0" horzOffset="0"/><hp:outMargin left="56" right="56" top="0" bottom="0"/><hp:shapeComment>수식입니다.</hp:shapeComment><hp:script>a</hp:script></hp:equation><hp:t>는 존재할 수 없다.</hp:t></hp:run><hp:linesegarray><hp:lineseg textpos="0" vertpos="15322" vertsize="1150" textheight="1150" baseline="978" spacing="516" horzpos="500" horzsize="28784" flags="393216"/></hp:linesegarray></hp:p><hp:p id="769862427" paraPrIDRef="q2_2" styleIDRef="q2_5" pageBreak="0" columnBreak="0"><hp:run charPrIDRef="q2_2"><hp:equation id="2054088604" zOrder="523" numberingType="EQUATION" textWrap="SQUARE" textFlow="BOTH_SIDES" lock="0" version="Equation Version 60" baseLine="85" textColor="#000000" baseUnit="1100" lineMode="CHAR"><hp:sz width="1050" widthRelTo="ABSOLUTE" height="1125" heightRelTo="ABSOLUTE" protect="0"/><hp:pos treatAsChar="1" affectLSpacing="0" flowWithText="1" allowOverlap="0" holdAnchorAndSO="0" vertRelTo="PARA" horzRelTo="PARA" vertAlign="TOP" horzAlign="LEFT" vertOffset="0" horzOffset="0"/><hp:outMargin left="56" right="56" top="0" bottom="0"/><hp:shapeComment>수식입니다.</hp:shapeComment><hp:script xml:space="preserve">THEREFORE </hp:script></hp:equation><hp:t> 존재하지 않는다.</hp:t></hp:run><hp:linesegarray><hp:lineseg textpos="0" vertpos="17988" vertsize="1150" textheight="1150" baseline="978" spacing="516" horzpos="500" horzsize="28784" flags="393216"/></hp:linesegarray></hp:p><hp:p id="1054835162" paraPrIDRef="q2_2" styleIDRef="q2_5" pageBreak="0" columnBreak="0"><hp:run charPrIDRef="q2_2"><hp:t>*문항오류임. 학교발표답지를 보면 </hp:t><hp:equation id="2054088605" zOrder="524" numberingType="EQUATION" textWrap="SQUARE" textFlow="BOTH_SIDES" lock="0" version="Equation Version 60" baseLine="85" textColor="#000000" baseUnit="1100" lineMode="CHAR"><hp:sz width="4374" widthRelTo="ABSOLUTE" height="1125" heightRelTo="ABSOLUTE" protect="0"/><hp:pos treatAsChar="1" affectLSpacing="0" flowWithText="1" allowOverlap="0" holdAnchorAndSO="0" vertRelTo="PARA" horzRelTo="PARA" vertAlign="TOP" horzAlign="LEFT" vertOffset="0" horzOffset="0"/><hp:outMargin left="56" right="56" top="0" bottom="0"/><hp:shapeComment>수식입니다.</hp:shapeComment><hp:script>p&lt;x&lt;1</hp:script></hp:equation><hp:t>이 아니라 </hp:t><hp:equation id="2054088606" zOrder="525" numberingType="EQUATION" textWrap="SQUARE" textFlow="BOTH_SIDES" lock="0" version="Equation Version 60" baseLine="85" textColor="#000000" baseUnit="1100" lineMode="CHAR"><hp:sz width="4524" widthRelTo="ABSOLUTE" height="1125" heightRelTo="ABSOLUTE" protect="0"/><hp:pos treatAsChar="1" affectLSpacing="0" flowWithText="1" allowOverlap="0" holdAnchorAndSO="0" vertRelTo="PARA" horzRelTo="PARA" vertAlign="TOP" horzAlign="LEFT" vertOffset="0" horzOffset="0"/><hp:outMargin left="56" right="56" top="0" bottom="0"/><hp:shapeComment>수식입니다.</hp:shapeComment><hp:script>p LEQ x&lt;1</hp:script></hp:equation><hp:t>로 푸셨더라. 그렇다면 해설은 다음과 같다.</hp:t></hp:run><hp:linesegarray><hp:lineseg textpos="0" vertpos="20654" vertsize="1150" textheight="1150" baseline="978" spacing="516" horzpos="500" horzsize="28784" flags="393216"/><hp:lineseg textpos="33" vertpos="0" vertsize="1150" textheight="1150" baseline="978" spacing="516" horzpos="500" horzsize="28784" flags="1441792"/></hp:linesegarray></hp:p><hp:p id="428978451" paraPrIDRef="q2_2" styleIDRef="q2_5" pageBreak="0" columnBreak="0"><hp:run charPrIDRef="q2_2"><hp:t>역함수가 존재하기 위해서는 일대일대응이어야 한다.</hp:t></hp:run><hp:linesegarray><hp:lineseg textpos="0" vertpos="2666" vertsize="1150" textheight="1150" baseline="978" spacing="516" horzpos="500" horzsize="28784" flags="393216"/></hp:linesegarray></hp:p><hp:p id="1929258660" paraPrIDRef="q2_2" styleIDRef="q2_5" pageBreak="0" columnBreak="0"><hp:run charPrIDRef="q2_2"><hp:equation id="2054088607" zOrder="272" numberingType="EQUATION" textWrap="SQUARE" textFlow="BOTH_SIDES" lock="0" version="Equation Version 60" baseLine="87" textColor="#000000" baseUnit="1100" lineMode="CHAR"><hp:sz width="7748" widthRelTo="ABSOLUTE" height="1313" heightRelTo="ABSOLUTE" protect="0"/><hp:pos treatAsChar="1" affectLSpacing="0" flowWithText="1" allowOverlap="0" holdAnchorAndSO="0" vertRelTo="PARA" horzRelTo="PARA" vertAlign="TOP" horzAlign="LEFT" vertOffset="0" horzOffset="0"/><hp:outMargin left="56" right="56" top="0" bottom="0"/><hp:shapeComment>수식입니다.</hp:shapeComment><hp:script>y=it-x ^{2} -2x-5</hp:script></hp:equation><hp:t>의 꼭짓점은 </hp:t><hp:equation id="2054088608" zOrder="273" numberingType="EQUATION" textWrap="SQUARE" textFlow="BOTH_SIDES" lock="0" version="Equation Version 60" baseLine="85" textColor="#000000" baseUnit="1100" lineMode="CHAR"><hp:sz width="4839" widthRelTo="ABSOLUTE" height="1125" heightRelTo="ABSOLUTE" protect="0"/><hp:pos treatAsChar="1" affectLSpacing="0" flowWithText="1" allowOverlap="0" holdAnchorAndSO="0" vertRelTo="PARA" horzRelTo="PARA" vertAlign="TOP" horzAlign="LEFT" vertOffset="0" horzOffset="0"/><hp:outMargin left="56" right="56" top="0" bottom="0"/><hp:shapeComment>수식입니다.</hp:shapeComment><hp:script>LEFT ( -1,~-4 RIGHT )</hp:script></hp:equation><hp:t>이므로 일대일대응이려면</hp:t></hp:run><hp:linesegarray><hp:lineseg textpos="0" vertpos="5332" vertsize="1313" textheight="1313" baseline="1142" spacing="516" horzpos="500" horzsize="28784" flags="393216"/><hp:lineseg textpos="27" vertpos="7161" vertsize="1150" textheight="1150" baseline="978" spacing="516" horzpos="500" horzsize="28784" flags="1441792"/></hp:linesegarray></hp:p><hp:p id="1668748297" paraPrIDRef="q2_2" styleIDRef="q2_5" pageBreak="0" columnBreak="0"><hp:run charPrIDRef="q2_2"><hp:equation id="2054088609" zOrder="274" numberingType="EQUATION" textWrap="SQUARE" textFlow="BOTH_SIDES" lock="0" version="Equation Version 60" baseLine="85" textColor="#000000" baseUnit="1100" lineMode="CHAR"><hp:sz width="3541" widthRelTo="ABSOLUTE" height="1125" heightRelTo="ABSOLUTE" protect="0"/><hp:pos treatAsChar="1" affectLSpacing="0" flowWithText="1" allowOverlap="0" holdAnchorAndSO="0" vertRelTo="PARA" horzRelTo="PARA" vertAlign="TOP" horzAlign="LEFT" vertOffset="0" horzOffset="0"/><hp:outMargin left="56" right="56" top="0" bottom="0"/><hp:shapeComment>수식입니다.</hp:shapeComment><hp:script>p{le{it-1</hp:script></hp:equation><hp:t>이어야 하고 </hp:t><hp:equation id="2054088610" zOrder="275" numberingType="EQUATION" textWrap="SQUARE" textFlow="BOTH_SIDES" lock="0" version="Equation Version 60" baseLine="85" textColor="#000000" baseUnit="1100" lineMode="CHAR"><hp:sz width="2412" widthRelTo="ABSOLUTE" height="1125" heightRelTo="ABSOLUTE" protect="0"/><hp:pos treatAsChar="1" affectLSpacing="0" flowWithText="1" allowOverlap="0" holdAnchorAndSO="0" vertRelTo="PARA" horzRelTo="PARA" vertAlign="TOP" horzAlign="LEFT" vertOffset="0" horzOffset="0"/><hp:outMargin left="56" right="56" top="0" bottom="0"/><hp:shapeComment>수식입니다.</hp:shapeComment><hp:script>a>0</hp:script></hp:equation><hp:t>일 것이다.</hp:t></hp:run><hp:linesegarray><hp:lineseg textpos="0" vertpos="9827" vertsize="1150" textheight="1150" baseline="978" spacing="516" horzpos="500" horzsize="28784" flags="393216"/></hp:linesegarray></hp:p><hp:p id="1669034719" paraPrIDRef="q2_2" styleIDRef="q2_5" pageBreak="0" columnBreak="0"><hp:run charPrIDRef="q2_2"><hp:t>또한 </hp:t><hp:equation id="2054088611" zOrder="276" numberingType="EQUATION" textWrap="SQUARE" textFlow="BOTH_SIDES" lock="0" version="Equation Version 60" baseLine="85" textColor="#000000" baseUnit="1100" lineMode="CHAR"><hp:sz width="2637" widthRelTo="ABSOLUTE" height="1125" heightRelTo="ABSOLUTE" protect="0"/><hp:pos treatAsChar="1" affectLSpacing="0" flowWithText="1" allowOverlap="0" holdAnchorAndSO="0" vertRelTo="PARA" horzRelTo="PARA" vertAlign="TOP" horzAlign="LEFT" vertOffset="0" horzOffset="0"/><hp:outMargin left="56" right="56" top="0" bottom="0"/><hp:shapeComment>수식입니다.</hp:shapeComment><hp:script>x{ge1</hp:script></hp:equation><hp:t>일 때 </hp:t><hp:equation id="2054088612" zOrder="277" numberingType="EQUATION" textWrap="SQUARE" textFlow="BOTH_SIDES" lock="0" version="Equation Version 60" baseLine="85" textColor="#000000" baseUnit="1100" lineMode="CHAR"><hp:sz width="4595" widthRelTo="ABSOLUTE" height="1125" heightRelTo="ABSOLUTE" protect="0"/><hp:pos treatAsChar="1" affectLSpacing="0" flowWithText="1" allowOverlap="0" holdAnchorAndSO="0" vertRelTo="PARA" horzRelTo="PARA" vertAlign="TOP" horzAlign="LEFT" vertOffset="0" horzOffset="0"/><hp:outMargin left="56" right="56" top="0" bottom="0"/><hp:shapeComment>수식입니다.</hp:shapeComment><hp:script>y=3x+5</hp:script></hp:equation><hp:t>이므로</hp:t></hp:run><hp:linesegarray><hp:lineseg textpos="0" vertpos="12493" vertsize="1150" textheight="1150" baseline="978" spacing="516" horzpos="500" horzsize="28784" flags="393216"/></hp:linesegarray></hp:p><hp:p id="2131553526" paraPrIDRef="q2_2" styleIDRef="q2_5" pageBreak="0" columnBreak="0"><hp:run charPrIDRef="q2_2"><hp:equation id="2054088613" zOrder="278" numberingType="EQUATION" textWrap="SQUARE" textFlow="BOTH_SIDES" lock="0" version="Equation Version 60" baseLine="85" textColor="#000000" baseUnit="1100" lineMode="CHAR"><hp:sz width="4520" widthRelTo="ABSOLUTE" height="1125" heightRelTo="ABSOLUTE" protect="0"/><hp:pos treatAsChar="1" affectLSpacing="0" flowWithText="1" allowOverlap="0" holdAnchorAndSO="0" vertRelTo="PARA" horzRelTo="PARA" vertAlign="TOP" horzAlign="LEFT" vertOffset="0" horzOffset="0"/><hp:outMargin left="56" right="56" top="0" bottom="0"/><hp:shapeComment>수식입니다.</hp:shapeComment><hp:script>y=ax+b</hp:script></hp:equation><hp:t>는 </hp:t><hp:equation id="2054088614" zOrder="279" numberingType="EQUATION" textWrap="SQUARE" textFlow="BOTH_SIDES" lock="0" version="Equation Version 60" baseLine="85" textColor="#000000" baseUnit="1100" lineMode="CHAR"><hp:sz width="2727" widthRelTo="ABSOLUTE" height="1125" heightRelTo="ABSOLUTE" protect="0"/><hp:pos treatAsChar="1" affectLSpacing="0" flowWithText="1" allowOverlap="0" holdAnchorAndSO="0" vertRelTo="PARA" horzRelTo="PARA" vertAlign="TOP" horzAlign="LEFT" vertOffset="0" horzOffset="0"/><hp:outMargin left="56" right="56" top="0" bottom="0"/><hp:shapeComment>수식입니다.</hp:shapeComment><hp:script>LEFT ( 1,~8 RIGHT )</hp:script></hp:equation><hp:t>을 지나야 한다.</hp:t></hp:run><hp:linesegarray><hp:lineseg textpos="0" vertpos="15159" vertsize="1150" textheight="1150" baseline="978" spacing="516" horzpos="500" horzsize="28784" flags="393216"/></hp:linesegarray></hp:p><hp:p id="2052243652" paraPrIDRef="q2_2" styleIDRef="q2_5" pageBreak="0" columnBreak="0"><hp:run charPrIDRef="q2_2"><hp:t>따라서 </hp:t><hp:equation id="2054088615" zOrder="280" numberingType="EQUATION" textWrap="SQUARE" textFlow="BOTH_SIDES" lock="0" version="Equation Version 60" baseLine="85" textColor="#000000" baseUnit="1100" lineMode="CHAR"><hp:sz width="525" widthRelTo="ABSOLUTE" height="1125" heightRelTo="ABSOLUTE" protect="0"/><hp:pos treatAsChar="1" affectLSpacing="0" flowWithText="1" allowOverlap="0" holdAnchorAndSO="0" vertRelTo="PARA" horzRelTo="PARA" vertAlign="TOP" horzAlign="LEFT" vertOffset="0" horzOffset="0"/><hp:outMargin left="56" right="56" top="0" bottom="0"/><hp:shapeComment>수식입니다.</hp:shapeComment><hp:script>a</hp:script></hp:equation><hp:t>의 값의 최솟값은 </hp:t><hp:equation id="2054088616" zOrder="281" numberingType="EQUATION" textWrap="SQUARE" textFlow="BOTH_SIDES" lock="0" version="Equation Version 60" baseLine="85" textColor="#000000" baseUnit="1100" lineMode="CHAR"><hp:sz width="2727" widthRelTo="ABSOLUTE" height="1125" heightRelTo="ABSOLUTE" protect="0"/><hp:pos treatAsChar="1" affectLSpacing="0" flowWithText="1" allowOverlap="0" holdAnchorAndSO="0" vertRelTo="PARA" horzRelTo="PARA" vertAlign="TOP" horzAlign="LEFT" vertOffset="0" horzOffset="0"/><hp:outMargin left="56" right="56" top="0" bottom="0"/><hp:shapeComment>수식입니다.</hp:shapeComment><hp:script>LEFT ( 1,~8 RIGHT )</hp:script></hp:equation><hp:t>을 지나면서</hp:t></hp:run><hp:linesegarray><hp:lineseg textpos="0" vertpos="17825" vertsize="1150" textheight="1150" baseline="978" spacing="516" horzpos="500" horzsize="28784" flags="393216"/></hp:linesegarray></hp:p><hp:p id="1111002250" paraPrIDRef="q2_2" styleIDRef="q2_5" pageBreak="0" columnBreak="0"><hp:run charPrIDRef="q2_2"><hp:equation id="2054088617" zOrder="282" numberingType="EQUATION" textWrap="SQUARE" textFlow="BOTH_SIDES" lock="0" version="Equation Version 60" baseLine="87" textColor="#000000" baseUnit="1100" lineMode="CHAR"><hp:sz width="7748" widthRelTo="ABSOLUTE" height="1313" heightRelTo="ABSOLUTE" protect="0"/><hp:pos treatAsChar="1" affectLSpacing="0" flowWithText="1" allowOverlap="0" holdAnchorAndSO="0" vertRelTo="PARA" horzRelTo="PARA" vertAlign="TOP" horzAlign="LEFT" vertOffset="0" horzOffset="0"/><hp:outMargin left="56" right="56" top="0" bottom="0"/><hp:shapeComment>수식입니다.</hp:shapeComment><hp:script>y=it-x ^{2} -2x-5</hp:script></hp:equation><hp:t>에 접하는 직선에서 나올 것이다.</hp:t></hp:run><hp:linesegarray><hp:lineseg textpos="0" vertpos="20491" vertsize="1313" textheight="1313" baseline="1142" spacing="516" horzpos="500" horzsize="28784" flags="393216"/></hp:linesegarray></hp:p><hp:p id="1484278458" paraPrIDRef="q2_2" styleIDRef="q2_5" pageBreak="0" columnBreak="0"><hp:run charPrIDRef="q2_2"><hp:equation id="2054088618" zOrder="283" numberingType="EQUATION" textWrap="SQUARE" textFlow="BOTH_SIDES" lock="0" version="Equation Version 60" baseLine="85" textColor="#000000" baseUnit="1100" lineMode="CHAR"><hp:sz width="2727" widthRelTo="ABSOLUTE" height="1125" heightRelTo="ABSOLUTE" protect="0"/><hp:pos treatAsChar="1" affectLSpacing="0" flowWithText="1" allowOverlap="0" holdAnchorAndSO="0" vertRelTo="PARA" horzRelTo="PARA" vertAlign="TOP" horzAlign="LEFT" vertOffset="0" horzOffset="0"/><hp:outMargin left="56" right="56" top="0" bottom="0"/><hp:shapeComment>수식입니다.</hp:shapeComment><hp:script>LEFT ( 1,~8 RIGHT )</hp:script></hp:equation><hp:t>을 지나면서 </hp:t><hp:equation id="2054088619" zOrder="284" numberingType="EQUATION" textWrap="SQUARE" textFlow="BOTH_SIDES" lock="0" version="Equation Version 60" baseLine="87" textColor="#000000" baseUnit="1100" lineMode="CHAR"><hp:sz width="7748" widthRelTo="ABSOLUTE" height="1313" heightRelTo="ABSOLUTE" protect="0"/><hp:pos treatAsChar="1" affectLSpacing="0" flowWithText="1" allowOverlap="0" holdAnchorAndSO="0" vertRelTo="PARA" horzRelTo="PARA" vertAlign="TOP" horzAlign="LEFT" vertOffset="0" horzOffset="0"/><hp:outMargin left="56" right="56" top="0" bottom="0"/><hp:shapeComment>수식입니다.</hp:shapeComment><hp:script>y=it-x ^{2} -2x-5</hp:script></hp:equation><hp:t>에 접하는 </hp:t><hp:equation id="2054088620" zOrder="285" numberingType="EQUATION" textWrap="SQUARE" textFlow="BOTH_SIDES" lock="0" version="Equation Version 60" baseLine="85" textColor="#000000" baseUnit="1100" lineMode="CHAR"><hp:sz width="525" widthRelTo="ABSOLUTE" height="1125" heightRelTo="ABSOLUTE" protect="0"/><hp:pos treatAsChar="1" affectLSpacing="0" flowWithText="1" allowOverlap="0" holdAnchorAndSO="0" vertRelTo="PARA" horzRelTo="PARA" vertAlign="TOP" horzAlign="LEFT" vertOffset="0" horzOffset="0"/><hp:outMargin left="56" right="56" top="0" bottom="0"/><hp:shapeComment>수식입니다.</hp:shapeComment><hp:script>a</hp:script></hp:equation><hp:t>의 값은 </hp:t><hp:equation id="2054088621" zOrder="286" numberingType="EQUATION" textWrap="SQUARE" textFlow="BOTH_SIDES" lock="0" version="Equation Version 60" baseLine="85" textColor="#000000" baseUnit="1100" lineMode="CHAR"><hp:sz width="2029" widthRelTo="ABSOLUTE" height="1125" heightRelTo="ABSOLUTE" protect="0"/><hp:pos treatAsChar="1" affectLSpacing="0" flowWithText="1" allowOverlap="0" holdAnchorAndSO="0" vertRelTo="PARA" horzRelTo="PARA" vertAlign="TOP" horzAlign="LEFT" vertOffset="0" horzOffset="0"/><hp:outMargin left="56" right="56" top="0" bottom="0"/><hp:shapeComment>수식입니다.</hp:shapeComment><hp:script>-12</hp:script></hp:equation><hp:t>, </hp:t><hp:equation id="2054088622" zOrder="287" numberingType="EQUATION" textWrap="SQUARE" textFlow="BOTH_SIDES" lock="0" version="Equation Version 60" baseLine="85" textColor="#000000" baseUnit="1100" lineMode="CHAR"><hp:sz width="525" widthRelTo="ABSOLUTE" height="1125" heightRelTo="ABSOLUTE" protect="0"/><hp:pos treatAsChar="1" affectLSpacing="0" flowWithText="1" allowOverlap="0" holdAnchorAndSO="0" vertRelTo="PARA" horzRelTo="PARA" vertAlign="TOP" horzAlign="LEFT" vertOffset="0" horzOffset="0"/><hp:outMargin left="56" right="56" top="0" bottom="0"/><hp:shapeComment>수식입니다.</hp:shapeComment><hp:script>4</hp:script></hp:equation><hp:t>인데 </hp:t><hp:equation id="2054088623" zOrder="288" numberingType="EQUATION" textWrap="SQUARE" textFlow="BOTH_SIDES" lock="0" version="Equation Version 60" baseLine="85" textColor="#000000" baseUnit="1100" lineMode="CHAR"><hp:sz width="2412" widthRelTo="ABSOLUTE" height="1125" heightRelTo="ABSOLUTE" protect="0"/><hp:pos treatAsChar="1" affectLSpacing="0" flowWithText="1" allowOverlap="0" holdAnchorAndSO="0" vertRelTo="PARA" horzRelTo="PARA" vertAlign="TOP" horzAlign="LEFT" vertOffset="0" horzOffset="0"/><hp:outMargin left="56" right="56" top="0" bottom="0"/><hp:shapeComment>수식입니다.</hp:shapeComment><hp:script>a>0</hp:script></hp:equation><hp:t>이어야 일대일대응이므로</hp:t></hp:run><hp:linesegarray><hp:lineseg textpos="0" vertpos="23320" vertsize="1313" textheight="1313" baseline="1142" spacing="516" horzpos="500" horzsize="28784" flags="393216"/><hp:lineseg textpos="42" vertpos="25149" vertsize="1150" textheight="1150" baseline="978" spacing="516" horzpos="500" horzsize="28784" flags="1441792"/></hp:linesegarray></hp:p><hp:p id="1297114281" paraPrIDRef="q2_2" styleIDRef="q2_5" pageBreak="0" columnBreak="0"><hp:run charPrIDRef="q2_2"><hp:equation id="2054088624" zOrder="289" numberingType="EQUATION" textWrap="SQUARE" textFlow="BOTH_SIDES" lock="0" version="Equation Version 60" baseLine="85" textColor="#000000" baseUnit="1100" lineMode="CHAR"><hp:sz width="525" widthRelTo="ABSOLUTE" height="1125" heightRelTo="ABSOLUTE" protect="0"/><hp:pos treatAsChar="1" affectLSpacing="0" flowWithText="1" allowOverlap="0" holdAnchorAndSO="0" vertRelTo="PARA" horzRelTo="PARA" vertAlign="TOP" horzAlign="LEFT" vertOffset="0" horzOffset="0"/><hp:outMargin left="56" right="56" top="0" bottom="0"/><hp:shapeComment>수식입니다.</hp:shapeComment><hp:script>a</hp:script></hp:equation><hp:t>의 값의 최솟값은 </hp:t><hp:equation id="2054088625" zOrder="290" numberingType="EQUATION" textWrap="SQUARE" textFlow="BOTH_SIDES" lock="0" version="Equation Version 60" baseLine="85" textColor="#000000" baseUnit="1100" lineMode="CHAR"><hp:sz width="525" widthRelTo="ABSOLUTE" height="1125" heightRelTo="ABSOLUTE" protect="0"/><hp:pos treatAsChar="1" affectLSpacing="0" flowWithText="1" allowOverlap="0" holdAnchorAndSO="0" vertRelTo="PARA" horzRelTo="PARA" vertAlign="TOP" horzAlign="LEFT" vertOffset="0" horzOffset="0"/><hp:outMargin left="56" right="56" top="0" bottom="0"/><hp:shapeComment>수식입니다.</hp:shapeComment><hp:script>4</hp:script></hp:equation><hp:t>이다.</hp:t></hp:run><hp:linesegarray><hp:lineseg textpos="0" vertpos="27815" vertsize="1150" textheight="1150" baseline="978" spacing="516" horzpos="500" horzsize="28784" flags="393216"/></hp:linesegarray></hp:p></hp:subList><hp:cellAddr colAddr="0" rowAddr="0"/><hp:cellSpan colSpan="1" rowSpan="1"/><hp:cellSz width="29852" height="0"/><hp:cellMargin left="283" right="283" top="141" bottom="283"/></hp:tc></hp:tr></hp:tbl><hp:t/></hp:run><hp:linesegarray><hp:lineseg textpos="0" vertpos="2485" vertsize="1000" textheight="1000" baseline="850" spacing="600" horzpos="0" horzsize="0" flags="393216"/></hp:linesegarray></hp:p></hp:subList></hp:endNote></hp:ctrl></hp:run><hp:run charPrIDRef="q2_4"><hp:t>함수<hp:lineBreak/><hp:tab width="2600" leader="0" type="1"/></hp:t><hp:equation id="2054088626" zOrder="291" numberingType="EQUATION" textWrap="SQUARE" textFlow="BOTH_SIDES" lock="0" version="Equation Version 60" baseLine="60" textColor="#000000" baseUnit="1100" lineMode="CHAR"><hp:sz width="15361" widthRelTo="ABSOLUTE" height="3893" heightRelTo="ABSOLUTE" protect="0"/><hp:pos treatAsChar="1" affectLSpacing="0" flowWithText="1" allowOverlap="0" holdAnchorAndSO="0" vertRelTo="PARA" horzRelTo="PARA" vertAlign="TOP" horzAlign="LEFT" vertOffset="0" horzOffset="0"/><hp:outMargin left="56" right="56" top="0" bottom="0"/><hp:shapeComment>수식입니다.</hp:shapeComment><hp:script>f LEFT ( x RIGHT ) = {cases{-x ^{2} -2x-5&amp;~ LEFT ( x{le}p RIGHT )#ax+b&amp;~ LEFT ( p&lt;x&lt;1 RIGHT )#3x+5&amp;~ LEFT ( x{ge}1 RIGHT )}}</hp:script></hp:equation><hp:t><hp:lineBreak/>의 역함수가 존재할 때 가능한 </hp:t><hp:equation id="2054088627" zOrder="292" numberingType="EQUATION" textWrap="SQUARE" textFlow="BOTH_SIDES" lock="0" version="Equation Version 60" baseLine="85" textColor="#000000" baseUnit="1100" lineMode="CHAR"><hp:sz width="525" widthRelTo="ABSOLUTE" height="1125" heightRelTo="ABSOLUTE" protect="0"/><hp:pos treatAsChar="1" affectLSpacing="0" flowWithText="1" allowOverlap="0" holdAnchorAndSO="0" vertRelTo="PARA" horzRelTo="PARA" vertAlign="TOP" horzAlign="LEFT" vertOffset="0" horzOffset="0"/><hp:outMargin left="56" right="56" top="0" bottom="0"/><hp:shapeComment>수식입니다.</hp:shapeComment><hp:script>a</hp:script></hp:equation><hp:t>의 값의 최솟값을 구하시오. (단, </hp:t><hp:equation id="2054088628" zOrder="293" numberingType="EQUATION" textWrap="SQUARE" textFlow="BOTH_SIDES" lock="0" version="Equation Version 60" baseLine="85" textColor="#000000" baseUnit="1100" lineMode="CHAR"><hp:sz width="525" widthRelTo="ABSOLUTE" height="1125" heightRelTo="ABSOLUTE" protect="0"/><hp:pos treatAsChar="1" affectLSpacing="0" flowWithText="1" allowOverlap="0" holdAnchorAndSO="0" vertRelTo="PARA" horzRelTo="PARA" vertAlign="TOP" horzAlign="LEFT" vertOffset="0" horzOffset="0"/><hp:outMargin left="56" right="56" top="0" bottom="0"/><hp:shapeComment>수식입니다.</hp:shapeComment><hp:script>p</hp:script></hp:equation><hp:t>는 상수) [7점]</hp:t></hp:run><hp:linesegarray><hp:lineseg textpos="0" vertpos="35577" vertsize="3893" textheight="1500" baseline="1275" spacing="900" horzpos="0" horzsize="30240" flags="2490368"/><hp:lineseg textpos="11" vertpos="37977" vertsize="3893" textheight="3893" baseline="2336" spacing="688" horzpos="0" horzsize="30240" flags="1441792"/><hp:lineseg textpos="28" vertpos="42558" vertsize="1150" textheight="1150" baseline="978" spacing="688" horzpos="0" horzsize="30240" flags="1441792"/><hp:lineseg textpos="69" vertpos="44396" vertsize="1150" textheight="1150" baseline="978" spacing="688" horzpos="0" horzsize="30240" flags="1441792"/></hp:linesegarray></hp:p></hs:sec>